Index	X	Sigmoid	Recon	Hex
0	0.000000	0.500000	0.500000	0x0080000
1	0.000977	0.500244	0.500244	0x0080100
2	0.001953	0.500488	0.500488	0x0080200
3	0.002930	0.500733	0.500732	0x0080300
4	0.003907	0.500977	0.500977	0x0080400
5	0.004884	0.501221	0.501221	0x0080500
6	0.005860	0.501465	0.501465	0x0080600
7	0.006837	0.501709	0.501709	0x0080700
8	0.007814	0.501953	0.501953	0x0080800
9	0.008790	0.502198	0.502197	0x0080900
10	0.009767	0.502442	0.502441	0x0080A00
11	0.010744	0.502686	0.502686	0x0080B00
12	0.011721	0.502930	0.502930	0x0080C00
13	0.012697	0.503174	0.503174	0x0080D00
14	0.013674	0.503418	0.503419	0x0080E01
15	0.014651	0.503663	0.503663	0x0080F01
16	0.015628	0.503907	0.503907	0x0081001
17	0.016604	0.504151	0.504151	0x0081101
18	0.017581	0.504395	0.504395	0x0081201
19	0.018558	0.504639	0.504640	0x0081301
20	0.019534	0.504883	0.504884	0x0081401
21	0.020511	0.505128	0.505128	0x0081501
22	0.021488	0.505372	0.505372	0x0081601
23	0.022465	0.505616	0.505616	0x0081701
24	0.023441	0.505860	0.505860	0x0081801
25	0.024418	0.506104	0.506104	0x0081901
26	0.025395	0.506348	0.506349	0x0081A01
27	0.026371	0.506592	0.506593	0x0081B01
28	0.027348	0.506837	0.506837	0x0081C01
29	0.028325	0.507081	0.507081	0x0081D01
30	0.029302	0.507325	0.507325	0x0081E01
31	0.030278	0.507569	0.507569	0x0081F01
32	0.031255	0.507813	0.507813	0x0082001
33	0.032232	0.508057	0.508058	0x0082101
34	0.033209	0.508301	0.508302	0x0082201
35	0.034185	0.508545	0.508546	0x0082301
36	0.035162	0.508790	0.508790	0x0082401
37	0.036139	0.509034	0.509034	0x0082501
38	0.037115	0.509278	0.509277	0x0082600
39	0.038092	0.509522	0.509521	0x0082700
40	0.039069	0.509766	0.509766	0x0082800
41	0.040046	0.510010	0.510010	0x0082900
42	0.041022	0.510254	0.510254	0x0082A00
43	0.041999	0.510498	0.510498	0x0082B00
44	0.042976	0.510742	0.510742	0x0082C00
45	0.043952	0.510986	0.510986	0x0082D00
46	0.044929	0.511230	0.511230	0x0082E00
47	0.045906	0.511474	0.511475	0x0082F00
48	0.046883	0.511719	0.511719	0x0083000
49	0.047859	0.511963	0.511963	0x0083100
50	0.048836	0.512207	0.512207	0x0083200
51	0.049813	0.512451	0.512450	0x00832FF
52	0.050790	0.512695	0.512694	0x00833FF
53	0.051766	0.512939	0.512938	0x00834FF
54	0.052743	0.513183	0.513183	0x00835FF
55	0.053720	0.513427	0.513427	0x00836FF
56	0.054696	0.513671	0.513671	0x00837FF
57	0.055673	0.513915	0.513915	0x00838FF
58	0.056650	0.514159	0.514158	0x00839FE
59	0.057627	0.514403	0.514402	0x0083AFE
60	0.058603	0.514647	0.514647	0x0083BFE
61	0.059580	0.514891	0.514891	0x0083CFE
62	0.060557	0.515135	0.515135	0x0083DFE
63	0.061533	0.515379	0.515379	0x0083EFE
64	0.062510	0.515622	0.515622	0x0083FFD
65	0.063487	0.515866	0.515866	0x00840FD
66	0.064464	0.516110	0.516110	0x00841FD
67	0.065440	0.516354	0.516355	0x00842FD
68	0.066417	0.516598	0.516598	0x00843FC
69	0.067394	0.516842	0.516842	0x00844FC
70	0.068371	0.517086	0.517086	0x00845FC
71	0.069347	0.517330	0.517330	0x00846FC
72	0.070324	0.517574	0.517573	0x00847FB
73	0.071301	0.517818	0.517817	0x00848FB
74	0.072277	0.518061	0.518062	0x00849FB
75	0.073254	0.518305	0.518306	0x0084AFB
76	0.074231	0.518549	0.518549	0x0084BFA
77	0.075208	0.518793	0.518793	0x0084CFA
78	0.076184	0.519037	0.519037	0x0084DFA
79	0.077161	0.519281	0.519280	0x0084EF9
80	0.078138	0.519524	0.519525	0x0084FF9
81	0.079114	0.519768	0.519769	0x00850F9
82	0.080091	0.520012	0.520012	0x00851F8
83	0.081068	0.520256	0.520256	0x00852F8
84	0.082045	0.520500	0.520499	0x00853F7
85	0.083021	0.520743	0.520743	0x00854F7
86	0.083998	0.520987	0.520988	0x00855F7
87	0.084975	0.521231	0.521231	0x00856F6
88	0.085951	0.521475	0.521475	0x00857F6
89	0.086928	0.521718	0.521718	0x00858F5
90	0.087905	0.521962	0.521962	0x00859F5
91	0.088882	0.522206	0.522205	0x0085AF4
92	0.089858	0.522449	0.522449	0x0085BF4
93	0.090835	0.522693	0.522694	0x0085CF4
94	0.091812	0.522937	0.522937	0x0085DF3
95	0.092789	0.523181	0.523181	0x0085EF3
96	0.093765	0.523424	0.523424	0x0085FF2
97	0.094742	0.523668	0.523667	0x00860F1
98	0.095719	0.523911	0.523911	0x00861F1
99	0.096695	0.524155	0.524155	0x00862F0
100	0.097672	0.524399	0.524399	0x00863F0
101	0.098649	0.524642	0.524642	0x00864EF
102	0.099626	0.524886	0.524886	0x00865EF
103	0.100602	0.525129	0.525129	0x00866EE
104	0.101579	0.525373	0.525373	0x00867ED
105	0.102556	0.525616	0.525617	0x00868ED
106	0.103532	0.525860	0.525860	0x00869EC
107	0.104509	0.526104	0.526104	0x0086AEC
108	0.105486	0.526347	0.526347	0x0086BEB
109	0.106463	0.526591	0.526590	0x0086CEA
110	0.107439	0.526834	0.526834	0x0086DEA
111	0.108416	0.527078	0.527078	0x0086EE9
112	0.109393	0.527321	0.527321	0x0086FE8
113	0.110370	0.527564	0.527564	0x00870E7
114	0.111346	0.527808	0.527808	0x00871E7
115	0.112323	0.528051	0.528051	0x00872E6
116	0.113300	0.528295	0.528295	0x00873E5
117	0.114276	0.528538	0.528538	0x00874E4
118	0.115253	0.528781	0.528782	0x00875E4
119	0.116230	0.529025	0.529025	0x00876E3
120	0.117207	0.529268	0.529268	0x00877E2
121	0.118183	0.529511	0.529511	0x00878E1
122	0.119160	0.529755	0.529755	0x00879E0
123	0.120137	0.529998	0.529998	0x0087ADF
124	0.121113	0.530241	0.530241	0x0087BDE
125	0.122090	0.530485	0.530485	0x0087CDE
126	0.123067	0.530728	0.530728	0x0087DDD
127	0.124044	0.530971	0.530972	0x0087EDC
128	0.125020	0.531214	0.531215	0x0087FDB
129	0.125997	0.531458	0.531458	0x00880DA
130	0.126974	0.531701	0.531701	0x00881D9
131	0.127951	0.531944	0.531944	0x00882D8
132	0.128927	0.532187	0.532187	0x00883D7
133	0.129904	0.532430	0.532431	0x00884D6
134	0.130881	0.532674	0.532674	0x00885D5
135	0.131857	0.532917	0.532917	0x00886D4
136	0.132834	0.533160	0.533160	0x00887D3
137	0.133811	0.533403	0.533402	0x00888D1
138	0.134788	0.533646	0.533646	0x00889D0
139	0.135764	0.533889	0.533889	0x0088ACF
140	0.136741	0.534132	0.534132	0x0088BCE
141	0.137718	0.534375	0.534375	0x0088CCD
142	0.138694	0.534618	0.534618	0x0088DCC
143	0.139671	0.534861	0.534862	0x0088ECB
144	0.140648	0.535104	0.535104	0x0088FC9
145	0.141625	0.535347	0.535347	0x00890C8
146	0.142601	0.535590	0.535590	0x00891C7
147	0.143578	0.535833	0.535833	0x00892C6
148	0.144555	0.536076	0.536076	0x00893C4
149	0.145531	0.536319	0.536319	0x00894C3
150	0.146508	0.536562	0.536562	0x00895C2
151	0.147485	0.536805	0.536804	0x00896C0
152	0.148462	0.537047	0.537047	0x00897BF
153	0.149438	0.537290	0.537291	0x00898BE
154	0.150415	0.537533	0.537533	0x00899BC
155	0.151392	0.537776	0.537776	0x0089ABB
156	0.152369	0.538019	0.538018	0x0089BB9
157	0.153345	0.538261	0.538261	0x0089CB8
158	0.154322	0.538504	0.538504	0x0089DB6
159	0.155299	0.538747	0.538747	0x0089EB5
160	0.156275	0.538990	0.538989	0x0089FB3
161	0.157252	0.539232	0.539232	0x008A0B2
162	0.158229	0.539475	0.539474	0x008A1B0
163	0.159206	0.539718	0.539718	0x008A2AF
164	0.160182	0.539960	0.539960	0x008A3AD
165	0.161159	0.540203	0.540203	0x008A4AC
166	0.162136	0.540445	0.540445	0x008A5AA
167	0.163112	0.540688	0.540688	0x008A6A8
168	0.164089	0.540931	0.540931	0x008A7A7
169	0.165066	0.541173	0.541173	0x008A8A5
170	0.166043	0.541416	0.541415	0x008A9A3
171	0.167019	0.541658	0.541658	0x008AAA2
172	0.167996	0.541901	0.541901	0x008ABA0
173	0.168973	0.542143	0.542143	0x008AC9E
174	0.169950	0.542385	0.542385	0x008AD9C
175	0.170926	0.542628	0.542628	0x008AE9B
176	0.171903	0.542870	0.542871	0x008AF99
177	0.172880	0.543113	0.543113	0x008B097
178	0.173856	0.543355	0.543355	0x008B195
179	0.174833	0.543597	0.543597	0x008B293
180	0.175810	0.543840	0.543839	0x008B391
181	0.176787	0.544082	0.544082	0x008B48F
182	0.177763	0.544324	0.544324	0x008B58D
183	0.178740	0.544566	0.544566	0x008B68B
184	0.179717	0.544809	0.544808	0x008B789
185	0.180693	0.545051	0.545051	0x008B887
186	0.181670	0.545293	0.545293	0x008B985
187	0.182647	0.545535	0.545535	0x008BA83
188	0.183624	0.545777	0.545777	0x008BB81
189	0.184600	0.546019	0.546020	0x008BC7F
190	0.185577	0.546262	0.546262	0x008BD7D
191	0.186554	0.546504	0.546504	0x008BE7B
192	0.187531	0.546746	0.546745	0x008BF78
193	0.188507	0.546988	0.546988	0x008C076
194	0.189484	0.547230	0.547230	0x008C174
195	0.190461	0.547472	0.547472	0x008C272
196	0.191437	0.547714	0.547713	0x008C36F
197	0.192414	0.547956	0.547956	0x008C46D
198	0.193391	0.548198	0.548198	0x008C56B
199	0.194368	0.548439	0.548439	0x008C668
200	0.195344	0.548681	0.548681	0x008C766
201	0.196321	0.548923	0.548923	0x008C864
202	0.197298	0.549165	0.549165	0x008C961
203	0.198274	0.549407	0.549407	0x008CA5F
204	0.199251	0.549649	0.549648	0x008CB5C
205	0.200228	0.549890	0.549891	0x008CC5A
206	0.201205	0.550132	0.550132	0x008CD57
207	0.202181	0.550374	0.550374	0x008CE55
208	0.203158	0.550616	0.550615	0x008CF52
209	0.204135	0.550857	0.550858	0x008D050
210	0.205112	0.551099	0.551099	0x008D14D
211	0.206088	0.551340	0.551340	0x008D24A
212	0.207065	0.551582	0.551582	0x008D348
213	0.208042	0.551824	0.551824	0x008D445
214	0.209018	0.552065	0.552065	0x008D542
215	0.209995	0.552307	0.552307	0x008D640
216	0.210972	0.552548	0.552548	0x008D73D
217	0.211949	0.552790	0.552790	0x008D83A
218	0.212925	0.553031	0.553031	0x008D937
219	0.213902	0.553273	0.553272	0x008DA34
220	0.214879	0.553514	0.553514	0x008DB31
221	0.215855	0.553755	0.553756	0x008DC2F
222	0.216832	0.553997	0.553997	0x008DD2C
223	0.217809	0.554238	0.554238	0x008DE29
224	0.218786	0.554479	0.554480	0x008DF26
225	0.219762	0.554721	0.554721	0x008E023
226	0.220739	0.554962	0.554962	0x008E120
227	0.221716	0.555203	0.555203	0x008E21D
228	0.222692	0.555444	0.555444	0x008E319
229	0.223669	0.555685	0.555685	0x008E416
230	0.224646	0.555926	0.555926	0x008E513
231	0.225623	0.556168	0.556168	0x008E610
232	0.226599	0.556409	0.556409	0x008E70D
233	0.227576	0.556650	0.556650	0x008E80A
234	0.228553	0.556891	0.556890	0x008E906
235	0.229530	0.557132	0.557132	0x008EA03
236	0.230506	0.557373	0.557373	0x008EB00
237	0.231483	0.557614	0.557613	0x008EBFC
238	0.232460	0.557855	0.557855	0x008ECF9
239	0.233436	0.558096	0.558096	0x008EDF6
240	0.234413	0.558336	0.558336	0x008EEF2
241	0.235390	0.558577	0.558578	0x008EFEF
242	0.236367	0.558818	0.558818	0x008F0EB
243	0.237343	0.559059	0.559059	0x008F1E8
244	0.238320	0.559300	0.559299	0x008F2E4
245	0.239297	0.559540	0.559541	0x008F3E1
246	0.240273	0.559781	0.559781	0x008F4DD
247	0.241250	0.560022	0.560021	0x008F5D9
248	0.242227	0.560262	0.560263	0x008F6D6
249	0.243204	0.560503	0.560503	0x008F7D2
250	0.244180	0.560744	0.560743	0x008F8CE
251	0.245157	0.560984	0.560985	0x008F9CB
252	0.246134	0.561225	0.561225	0x008FAC7
253	0.247111	0.561465	0.561465	0x008FBC3
254	0.248087	0.561706	0.561706	0x008FCBF
255	0.249064	0.561946	0.561946	0x008FDBB
256	0.250041	0.562187	0.562186	0x008FEB7
257	0.251017	0.562427	0.562427	0x008FFB3
258	0.251994	0.562667	0.562667	0x00900AF
259	0.252971	0.562908	0.562907	0x00901AB
260	0.253948	0.563148	0.563148	0x00902A7
261	0.254924	0.563388	0.563388	0x00903A3
262	0.255901	0.563628	0.563628	0x009049F
263	0.256878	0.563869	0.563869	0x009059B
264	0.257854	0.564109	0.564109	0x0090697
265	0.258831	0.564349	0.564349	0x0090793
266	0.259808	0.564589	0.564590	0x009088F
267	0.260785	0.564829	0.564829	0x009098A
268	0.261761	0.565069	0.565069	0x0090A86
269	0.262738	0.565309	0.565310	0x0090B82
270	0.263715	0.565549	0.565549	0x0090C7D
271	0.264692	0.565789	0.565789	0x0090D79
272	0.265668	0.566029	0.566030	0x0090E75
273	0.266645	0.566269	0.566269	0x0090F70
274	0.267622	0.566509	0.566509	0x009106C
275	0.268598	0.566749	0.566749	0x0091167
276	0.269575	0.566989	0.566989	0x0091263
277	0.270552	0.567228	0.567228	0x009135E
278	0.271529	0.567468	0.567468	0x0091459
279	0.272505	0.567708	0.567708	0x0091555
280	0.273482	0.567948	0.567947	0x0091650
281	0.274459	0.568187	0.568187	0x009174B
282	0.275435	0.568427	0.568427	0x0091847
283	0.276412	0.568666	0.568666	0x0091942
284	0.277389	0.568906	0.568906	0x0091A3D
285	0.278366	0.569145	0.569145	0x0091B38
286	0.279342	0.569385	0.569385	0x0091C33
287	0.280319	0.569624	0.569625	0x0091D2F
288	0.281296	0.569864	0.569864	0x0091E2A
289	0.282273	0.570103	0.570104	0x0091F25
290	0.283249	0.570343	0.570343	0x0092020
291	0.284226	0.570582	0.570582	0x009211B
292	0.285203	0.570821	0.570821	0x0092215
293	0.286179	0.571061	0.571060	0x0092310
294	0.287156	0.571300	0.571300	0x009240B
295	0.288133	0.571539	0.571539	0x0092506
296	0.289110	0.571778	0.571778	0x0092601
297	0.290086	0.572017	0.572018	0x00926FC
298	0.291063	0.572256	0.572256	0x00927F6
299	0.292040	0.572495	0.572495	0x00928F1
300	0.293016	0.572734	0.572735	0x00929EC
301	0.293993	0.572973	0.572973	0x0092AE6
302	0.294970	0.573212	0.573213	0x0092BE1
303	0.295947	0.573451	0.573451	0x0092CDB
304	0.296923	0.573690	0.573690	0x0092DD6
305	0.297900	0.573929	0.573929	0x0092ED0
306	0.298877	0.574168	0.574168	0x0092FCB
307	0.299853	0.574407	0.574407	0x00930C5
308	0.300830	0.574645	0.574645	0x00931BF
309	0.301807	0.574884	0.574884	0x00932BA
310	0.302784	0.575123	0.575123	0x00933B4
311	0.303760	0.575362	0.575361	0x00934AE
312	0.304737	0.575600	0.575600	0x00935A8
313	0.305714	0.575839	0.575839	0x00936A3
314	0.306691	0.576077	0.576077	0x009379D
315	0.307667	0.576316	0.576316	0x0093897
316	0.308644	0.576554	0.576554	0x0093991
317	0.309621	0.576793	0.576793	0x0093A8B
318	0.310597	0.577031	0.577031	0x0093B85
319	0.311574	0.577269	0.577270	0x0093C7F
320	0.312551	0.577508	0.577508	0x0093D79
321	0.313528	0.577746	0.577746	0x0093E73
322	0.314504	0.577984	0.577984	0x0093F6C
323	0.315481	0.578223	0.578222	0x0094066
324	0.316458	0.578461	0.578461	0x0094160
325	0.317434	0.578699	0.578699	0x009425A
326	0.318411	0.578937	0.578937	0x0094353
327	0.319388	0.579175	0.579175	0x009444D
328	0.320365	0.579413	0.579413	0x0094547
329	0.321341	0.579651	0.579651	0x0094640
330	0.322318	0.579889	0.579889	0x009473A
331	0.323295	0.580127	0.580127	0x0094833
332	0.324272	0.580365	0.580365	0x009492D
333	0.325248	0.580603	0.580603	0x0094A26
334	0.326225	0.580841	0.580840	0x0094B1F
335	0.327202	0.581078	0.581079	0x0094C19
336	0.328178	0.581316	0.581316	0x0094D12
337	0.329155	0.581554	0.581553	0x0094E0B
338	0.330132	0.581791	0.581792	0x0094F05
339	0.331109	0.582029	0.582029	0x0094FFE
340	0.332085	0.582267	0.582267	0x00950F7
341	0.333062	0.582504	0.582504	0x00951F0
342	0.334039	0.582742	0.582742	0x00952E9
343	0.335015	0.582979	0.582979	0x00953E2
344	0.335992	0.583217	0.583217	0x00954DB
345	0.336969	0.583454	0.583454	0x00955D4
346	0.337946	0.583691	0.583692	0x00956CD
347	0.338922	0.583929	0.583929	0x00957C6
348	0.339899	0.584166	0.584166	0x00958BE
349	0.340876	0.584403	0.584403	0x00959B7
350	0.341853	0.584640	0.584641	0x0095AB0
351	0.342829	0.584878	0.584878	0x0095BA9
352	0.343806	0.585115	0.585114	0x0095CA1
353	0.344783	0.585352	0.585352	0x0095D9A
354	0.345759	0.585589	0.585588	0x0095E92
355	0.346736	0.585826	0.585826	0x0095F8B
356	0.347713	0.586063	0.586062	0x0096083
357	0.348690	0.586300	0.586300	0x009617C
358	0.349666	0.586537	0.586536	0x0096274
359	0.350643	0.586773	0.586774	0x009636D
360	0.351620	0.587010	0.587010	0x0096465
361	0.352596	0.587247	0.587247	0x009655D
362	0.353573	0.587484	0.587483	0x0096655
363	0.354550	0.587720	0.587721	0x009674E
364	0.355527	0.587957	0.587957	0x0096846
365	0.356503	0.588194	0.588194	0x009693E
366	0.357480	0.588430	0.588430	0x0096A36
367	0.358457	0.588667	0.588667	0x0096B2E
368	0.359434	0.588903	0.588903	0x0096C26
369	0.360410	0.589140	0.589140	0x0096D1E
370	0.361387	0.589376	0.589376	0x0096E16
371	0.362364	0.589612	0.589613	0x0096F0E
372	0.363340	0.589849	0.589849	0x0097005
373	0.364317	0.590085	0.590085	0x00970FD
374	0.365294	0.590321	0.590322	0x00971F5
375	0.366271	0.590558	0.590557	0x00972EC
376	0.367247	0.590794	0.590794	0x00973E4
377	0.368224	0.591030	0.591030	0x00974DC
378	0.369201	0.591266	0.591266	0x00975D3
379	0.370177	0.591502	0.591502	0x00976CB
380	0.371154	0.591738	0.591738	0x00977C2
381	0.372131	0.591974	0.591973	0x00978B9
382	0.373108	0.592210	0.592210	0x00979B1
383	0.374084	0.592446	0.592445	0x0097AA8
384	0.375061	0.592681	0.592681	0x0097B9F
385	0.376038	0.592917	0.592917	0x0097C97
386	0.377014	0.593153	0.593153	0x0097D8E
387	0.377991	0.593389	0.593389	0x0097E85
388	0.378968	0.593624	0.593624	0x0097F7C
389	0.379945	0.593860	0.593860	0x0098073
390	0.380921	0.594095	0.594095	0x009816A
391	0.381898	0.594331	0.594331	0x0098261
392	0.382875	0.594566	0.594566	0x0098358
393	0.383852	0.594802	0.594802	0x009844F
394	0.384828	0.595037	0.595037	0x0098546
395	0.385805	0.595272	0.595272	0x009863C
396	0.386782	0.595508	0.595508	0x0098733
397	0.387758	0.595743	0.595743	0x009882A
398	0.388735	0.595978	0.595978	0x0098920
399	0.389712	0.596213	0.596213	0x0098A17
400	0.390689	0.596448	0.596449	0x0098B0E
401	0.391665	0.596684	0.596684	0x0098C04
402	0.392642	0.596919	0.596918	0x0098CFA
403	0.393619	0.597154	0.597154	0x0098DF1
404	0.394595	0.597388	0.597388	0x0098EE7
405	0.395572	0.597623	0.597624	0x0098FDE
406	0.396549	0.597858	0.597858	0x00990D4
407	0.397526	0.598093	0.598093	0x00991CA
408	0.398502	0.598328	0.598328	0x00992C0
409	0.399479	0.598562	0.598562	0x00993B6
410	0.400456	0.598797	0.598797	0x00994AC
411	0.401433	0.599032	0.599031	0x00995A2
412	0.402409	0.599266	0.599266	0x0099698
413	0.403386	0.599501	0.599501	0x009978E
414	0.404363	0.599735	0.599735	0x0099884
415	0.405339	0.599970	0.599970	0x009997A
416	0.406316	0.600204	0.600204	0x0099A70
417	0.407293	0.600439	0.600438	0x0099B65
418	0.408270	0.600673	0.600673	0x0099C5B
419	0.409246	0.600907	0.600907	0x0099D51
420	0.410223	0.601141	0.601141	0x0099E46
421	0.411200	0.601376	0.601376	0x0099F3C
422	0.412176	0.601610	0.601609	0x009A031
423	0.413153	0.601844	0.601844	0x009A127
424	0.414130	0.602078	0.602077	0x009A21C
425	0.415107	0.602312	0.602312	0x009A312
426	0.416083	0.602546	0.602546	0x009A407
427	0.417060	0.602780	0.602779	0x009A4FC
428	0.418037	0.603013	0.603013	0x009A5F1
429	0.419014	0.603247	0.603248	0x009A6E7
430	0.419990	0.603481	0.603481	0x009A7DC
431	0.420967	0.603715	0.603715	0x009A8D1
432	0.421944	0.603948	0.603949	0x009A9C6
433	0.422920	0.604182	0.604182	0x009AABB
434	0.423897	0.604415	0.604416	0x009ABB0
435	0.424874	0.604649	0.604649	0x009ACA4
436	0.425851	0.604882	0.604882	0x009AD99
437	0.426827	0.605116	0.605116	0x009AE8E
438	0.427804	0.605349	0.605350	0x009AF83
439	0.428781	0.605582	0.605582	0x009B077
440	0.429757	0.605816	0.605816	0x009B16C
441	0.430734	0.606049	0.606049	0x009B260
442	0.431711	0.606282	0.606282	0x009B355
443	0.432688	0.606515	0.606515	0x009B449
444	0.433664	0.606748	0.606749	0x009B53E
445	0.434641	0.606981	0.606981	0x009B632
446	0.435618	0.607214	0.607214	0x009B726
447	0.436594	0.607447	0.607448	0x009B81B
448	0.437571	0.607680	0.607680	0x009B90F
449	0.438548	0.607913	0.607913	0x009BA03
450	0.439525	0.608146	0.608146	0x009BAF7
451	0.440501	0.608378	0.608378	0x009BBEB
452	0.441478	0.608611	0.608611	0x009BCDF
453	0.442455	0.608844	0.608844	0x009BDD3
454	0.443432	0.609076	0.609076	0x009BEC7
455	0.444408	0.609309	0.609309	0x009BFBB
456	0.445385	0.609541	0.609541	0x009C0AE
457	0.446362	0.609774	0.609774	0x009C1A2
458	0.447338	0.610006	0.610006	0x009C296
459	0.448315	0.610239	0.610239	0x009C38A
460	0.449292	0.610471	0.610471	0x009C47D
461	0.450269	0.610703	0.610703	0x009C571
462	0.451245	0.610935	0.610935	0x009C664
463	0.452222	0.611167	0.611167	0x009C757
464	0.453199	0.611399	0.611400	0x009C84B
465	0.454175	0.611632	0.611631	0x009C93E
466	0.455152	0.611864	0.611863	0x009CA31
467	0.456129	0.612095	0.612096	0x009CB25
468	0.457106	0.612327	0.612328	0x009CC18
469	0.458082	0.612559	0.612559	0x009CD0B
470	0.459059	0.612791	0.612791	0x009CDFE
471	0.460036	0.613023	0.613023	0x009CEF1
472	0.461013	0.613254	0.613255	0x009CFE4
473	0.461989	0.613486	0.613486	0x009D0D7
474	0.462966	0.613718	0.613717	0x009D1C9
475	0.463943	0.613949	0.613949	0x009D2BC
476	0.464919	0.614181	0.614181	0x009D3AF
477	0.465896	0.614412	0.614412	0x009D4A2
478	0.466873	0.614643	0.614643	0x009D594
479	0.467850	0.614875	0.614875	0x009D687
480	0.468826	0.615106	0.615106	0x009D779
481	0.469803	0.615337	0.615337	0x009D86C
482	0.470780	0.615568	0.615568	0x009D95E
483	0.471756	0.615799	0.615799	0x009DA50
484	0.472733	0.616030	0.616031	0x009DB43
485	0.473710	0.616261	0.616261	0x009DC35
486	0.474687	0.616492	0.616492	0x009DD27
487	0.475663	0.616723	0.616723	0x009DE19
488	0.476640	0.616954	0.616954	0x009DF0B
489	0.477617	0.617185	0.617185	0x009DFFD
490	0.478594	0.617416	0.617415	0x009E0EF
491	0.479570	0.617646	0.617646	0x009E1E1
492	0.480547	0.617877	0.617877	0x009E2D3
493	0.481524	0.618108	0.618108	0x009E3C5
494	0.482500	0.618338	0.618339	0x009E4B7
495	0.483477	0.618569	0.618568	0x009E5A8
496	0.484454	0.618799	0.618799	0x009E69A
497	0.485431	0.619029	0.619029	0x009E78B
498	0.486407	0.619260	0.619260	0x009E87D
499	0.487384	0.619490	0.619490	0x009E96E
500	0.488361	0.619720	0.619720	0x009EA60
501	0.489337	0.619950	0.619950	0x009EB51
502	0.490314	0.620180	0.620180	0x009EC42
503	0.491291	0.620410	0.620411	0x009ED34
504	0.492268	0.620640	0.620641	0x009EE25
505	0.493244	0.620870	0.620871	0x009EF16
506	0.494221	0.621100	0.621100	0x009F007
507	0.495198	0.621330	0.621330	0x009F0F8
508	0.496175	0.621560	0.621560	0x009F1E9
509	0.497151	0.621790	0.621790	0x009F2DA
510	0.498128	0.622019	0.622020	0x009F3CB
511	0.499105	0.622249	0.622249	0x009F4BB
512	0.500081	0.622478	0.622478	0x009F5AC
513	0.501058	0.622708	0.622708	0x009F69D
514	0.502035	0.622937	0.622937	0x009F78D
515	0.503012	0.623167	0.623167	0x009F87E
516	0.503988	0.623396	0.623396	0x009F96E
517	0.504965	0.623625	0.623626	0x009FA5F
518	0.505942	0.623855	0.623855	0x009FB4F
519	0.506918	0.624084	0.624084	0x009FC3F
520	0.507895	0.624313	0.624313	0x009FD30
521	0.508872	0.624542	0.624542	0x009FE20
522	0.509849	0.624771	0.624771	0x009FF10
523	0.510825	0.625000	0.625000	0x00A0000
524	0.511802	0.625229	0.625229	0x00A00F0
525	0.512779	0.625458	0.625458	0x00A01E0
526	0.513755	0.625686	0.625687	0x00A02D0
527	0.514732	0.625915	0.625916	0x00A03C0
528	0.515709	0.626144	0.626143	0x00A04AF
529	0.516686	0.626372	0.626372	0x00A059F
530	0.517662	0.626601	0.626601	0x00A068F
531	0.518639	0.626829	0.626829	0x00A077E
532	0.519616	0.627058	0.627058	0x00A086E
533	0.520593	0.627286	0.627286	0x00A095D
534	0.521569	0.627515	0.627515	0x00A0A4D
535	0.522546	0.627743	0.627743	0x00A0B3C
536	0.523523	0.627971	0.627971	0x00A0C2B
537	0.524499	0.628199	0.628200	0x00A0D1B
538	0.525476	0.628427	0.628428	0x00A0E0A
539	0.526453	0.628655	0.628655	0x00A0EF9
540	0.527430	0.628883	0.628883	0x00A0FE8
541	0.528406	0.629111	0.629111	0x00A10D7
542	0.529383	0.629339	0.629339	0x00A11C6
543	0.530360	0.629567	0.629567	0x00A12B5
544	0.531336	0.629795	0.629795	0x00A13A4
545	0.532313	0.630022	0.630022	0x00A1492
546	0.533290	0.630250	0.630250	0x00A1581
547	0.534267	0.630478	0.630478	0x00A1670
548	0.535243	0.630705	0.630705	0x00A175E
549	0.536220	0.630933	0.630933	0x00A184D
550	0.537197	0.631160	0.631160	0x00A193B
551	0.538174	0.631387	0.631388	0x00A1A2A
552	0.539150	0.631615	0.631615	0x00A1B18
553	0.540127	0.631842	0.631842	0x00A1C06
554	0.541104	0.632069	0.632070	0x00A1CF5
555	0.542080	0.632296	0.632297	0x00A1DE3
556	0.543057	0.632523	0.632524	0x00A1ED1
557	0.544034	0.632750	0.632751	0x00A1FBF
558	0.545011	0.632977	0.632977	0x00A20AD
559	0.545987	0.633204	0.633204	0x00A219B
560	0.546964	0.633431	0.633430	0x00A2288
561	0.547941	0.633658	0.633657	0x00A2376
562	0.548917	0.633884	0.633884	0x00A2464
563	0.549894	0.634111	0.634111	0x00A2552
564	0.550871	0.634338	0.634337	0x00A263F
565	0.551848	0.634564	0.634564	0x00A272D
566	0.552824	0.634791	0.634790	0x00A281A
567	0.553801	0.635017	0.635017	0x00A2908
568	0.554778	0.635243	0.635243	0x00A29F5
569	0.555755	0.635470	0.635469	0x00A2AE2
570	0.556731	0.635696	0.635695	0x00A2BCF
571	0.557708	0.635922	0.635922	0x00A2CBD
572	0.558685	0.636148	0.636148	0x00A2DAA
573	0.559661	0.636374	0.636374	0x00A2E97
574	0.560638	0.636600	0.636600	0x00A2F84
575	0.561615	0.636826	0.636827	0x00A3071
576	0.562592	0.637052	0.637052	0x00A315D
577	0.563568	0.637278	0.637278	0x00A324A
578	0.564545	0.637504	0.637504	0x00A3337
579	0.565522	0.637729	0.637730	0x00A3424
580	0.566498	0.637955	0.637955	0x00A3510
581	0.567475	0.638180	0.638181	0x00A35FD
582	0.568452	0.638406	0.638406	0x00A36E9
583	0.569429	0.638631	0.638631	0x00A37D5
584	0.570405	0.638857	0.638857	0x00A38C2
585	0.571382	0.639082	0.639082	0x00A39AE
586	0.572359	0.639307	0.639307	0x00A3A9A
587	0.573336	0.639532	0.639532	0x00A3B86
588	0.574312	0.639758	0.639757	0x00A3C72
589	0.575289	0.639983	0.639982	0x00A3D5E
590	0.576266	0.640208	0.640207	0x00A3E4A
591	0.577242	0.640433	0.640432	0x00A3F36
592	0.578219	0.640658	0.640657	0x00A4022
593	0.579196	0.640882	0.640882	0x00A410E
594	0.580173	0.641107	0.641108	0x00A41FA
595	0.581149	0.641332	0.641332	0x00A42E5
596	0.582126	0.641556	0.641557	0x00A43D1
597	0.583103	0.641781	0.641781	0x00A44BC
598	0.584079	0.642006	0.642006	0x00A45A8
599	0.585056	0.642230	0.642230	0x00A4693
600	0.586033	0.642454	0.642454	0x00A477E
601	0.587010	0.642679	0.642678	0x00A4869
602	0.587986	0.642903	0.642903	0x00A4955
603	0.588963	0.643127	0.643127	0x00A4A40
604	0.589940	0.643351	0.643352	0x00A4B2B
605	0.590916	0.643575	0.643576	0x00A4C16
606	0.591893	0.643799	0.643800	0x00A4D01
607	0.592870	0.644023	0.644023	0x00A4DEB
608	0.593847	0.644247	0.644247	0x00A4ED6
609	0.594823	0.644471	0.644471	0x00A4FC1
610	0.595800	0.644695	0.644695	0x00A50AC
611	0.596777	0.644919	0.644918	0x00A5196
612	0.597754	0.645142	0.645143	0x00A5281
613	0.598730	0.645366	0.645366	0x00A536B
614	0.599707	0.645589	0.645589	0x00A5455
615	0.600684	0.645813	0.645813	0x00A5540
616	0.601660	0.646036	0.646036	0x00A562A
617	0.602637	0.646259	0.646259	0x00A5714
618	0.603614	0.646483	0.646482	0x00A57FE
619	0.604591	0.646706	0.646706	0x00A58E8
620	0.605567	0.646929	0.646929	0x00A59D2
621	0.606544	0.647152	0.647152	0x00A5ABC
622	0.607521	0.647375	0.647375	0x00A5BA6
623	0.608497	0.647598	0.647598	0x00A5C90
624	0.609474	0.647821	0.647820	0x00A5D79
625	0.610451	0.648044	0.648044	0x00A5E63
626	0.611428	0.648266	0.648267	0x00A5F4D
627	0.612404	0.648489	0.648489	0x00A6036
628	0.613381	0.648712	0.648712	0x00A6120
629	0.614358	0.648934	0.648934	0x00A6209
630	0.615335	0.649157	0.649157	0x00A62F2
631	0.616311	0.649379	0.649379	0x00A63DB
632	0.617288	0.649601	0.649602	0x00A64C5
633	0.618265	0.649824	0.649824	0x00A65AE
634	0.619241	0.650046	0.650046	0x00A6697
635	0.620218	0.650268	0.650269	0x00A6780
636	0.621195	0.650490	0.650490	0x00A6868
637	0.622172	0.650712	0.650712	0x00A6951
638	0.623148	0.650934	0.650934	0x00A6A3A
639	0.624125	0.651156	0.651156	0x00A6B23
640	0.625102	0.651378	0.651378	0x00A6C0B
641	0.626078	0.651600	0.651600	0x00A6CF4
642	0.627055	0.651821	0.651821	0x00A6DDC
643	0.628032	0.652043	0.652043	0x00A6EC5
644	0.629009	0.652265	0.652265	0x00A6FAD
645	0.629985	0.652486	0.652486	0x00A7095
646	0.630962	0.652708	0.652708	0x00A717E
647	0.631939	0.652929	0.652929	0x00A7266
648	0.632916	0.653150	0.653151	0x00A734E
649	0.633892	0.653371	0.653372	0x00A7436
650	0.634869	0.653593	0.653593	0x00A751E
651	0.635846	0.653814	0.653813	0x00A7605
652	0.636822	0.654035	0.654035	0x00A76ED
653	0.637799	0.654256	0.654256	0x00A77D5
654	0.638776	0.654477	0.654477	0x00A78BD
655	0.639753	0.654698	0.654697	0x00A79A4
656	0.640729	0.654918	0.654919	0x00A7A8C
657	0.641706	0.655139	0.655139	0x00A7B73
658	0.642683	0.655360	0.655359	0x00A7C5A
659	0.643659	0.655580	0.655581	0x00A7D42
660	0.644636	0.655801	0.655801	0x00A7E29
661	0.645613	0.656021	0.656021	0x00A7F10
662	0.646590	0.656242	0.656241	0x00A7FF7
663	0.647566	0.656462	0.656462	0x00A80DE
664	0.648543	0.656682	0.656682	0x00A81C5
665	0.649520	0.656902	0.656902	0x00A82AC
666	0.650497	0.657122	0.657123	0x00A8393
667	0.651473	0.657342	0.657342	0x00A8479
668	0.652450	0.657562	0.657562	0x00A8560
669	0.653427	0.657782	0.657783	0x00A8647
670	0.654403	0.658002	0.658002	0x00A872D
671	0.655380	0.658222	0.658222	0x00A8814
672	0.656357	0.658442	0.658442	0x00A88FA
673	0.657334	0.658661	0.658661	0x00A89E0
674	0.658310	0.658881	0.658881	0x00A8AC7
675	0.659287	0.659100	0.659101	0x00A8BAD
676	0.660264	0.659320	0.659320	0x00A8C93
677	0.661240	0.659539	0.659539	0x00A8D79
678	0.662217	0.659758	0.659759	0x00A8E5F
679	0.663194	0.659977	0.659978	0x00A8F45
680	0.664171	0.660197	0.660196	0x00A902A
681	0.665147	0.660416	0.660416	0x00A9110
682	0.666124	0.660635	0.660635	0x00A91F6
683	0.667101	0.660854	0.660853	0x00A92DB
684	0.668077	0.661073	0.661073	0x00A93C1
685	0.669054	0.661291	0.661291	0x00A94A6
686	0.670031	0.661510	0.661510	0x00A958C
687	0.671008	0.661729	0.661729	0x00A9671
688	0.671984	0.661947	0.661947	0x00A9756
689	0.672961	0.662166	0.662166	0x00A983B
690	0.673938	0.662384	0.662384	0x00A9920
691	0.674915	0.662603	0.662602	0x00A9A05
692	0.675891	0.662821	0.662821	0x00A9AEA
693	0.676868	0.663039	0.663039	0x00A9BCF
694	0.677845	0.663257	0.663258	0x00A9CB4
695	0.678821	0.663476	0.663476	0x00A9D99
696	0.679798	0.663694	0.663693	0x00A9E7D
697	0.680775	0.663912	0.663912	0x00A9F62
698	0.681752	0.664130	0.664129	0x00AA046
699	0.682728	0.664347	0.664348	0x00AA12B
700	0.683705	0.664565	0.664565	0x00AA20F
701	0.684682	0.664783	0.664783	0x00AA2F3
702	0.685658	0.665000	0.665000	0x00AA3D7
703	0.686635	0.665218	0.665218	0x00AA4BC
704	0.687612	0.665435	0.665436	0x00AA5A0
705	0.688589	0.665653	0.665653	0x00AA684
706	0.689565	0.665870	0.665871	0x00AA768
707	0.690542	0.666088	0.666087	0x00AA84B
708	0.691519	0.666305	0.666305	0x00AA92F
709	0.692496	0.666522	0.666522	0x00AAA13
710	0.693472	0.666739	0.666739	0x00AAAF6
711	0.694449	0.666956	0.666956	0x00AABDA
712	0.695426	0.667173	0.667172	0x00AACBD
713	0.696402	0.667390	0.667390	0x00AADA1
714	0.697379	0.667606	0.667606	0x00AAE84
715	0.698356	0.667823	0.667823	0x00AAF67
716	0.699333	0.668040	0.668039	0x00AB04A
717	0.700309	0.668256	0.668257	0x00AB12E
718	0.701286	0.668473	0.668473	0x00AB211
719	0.702263	0.668689	0.668690	0x00AB2F4
720	0.703239	0.668906	0.668905	0x00AB3D6
721	0.704216	0.669122	0.669122	0x00AB4B9
722	0.705193	0.669338	0.669338	0x00AB59C
723	0.706170	0.669554	0.669555	0x00AB67F
724	0.707146	0.669770	0.669770	0x00AB761
725	0.708123	0.669986	0.669987	0x00AB844
726	0.709100	0.670202	0.670202	0x00AB926
727	0.710077	0.670418	0.670418	0x00ABA08
728	0.711053	0.670634	0.670634	0x00ABAEB
729	0.712030	0.670850	0.670850	0x00ABBCD
730	0.713007	0.671065	0.671065	0x00ABCAF
731	0.713983	0.671281	0.671281	0x00ABD91
732	0.714960	0.671496	0.671496	0x00ABE73
733	0.715937	0.671712	0.671712	0x00ABF55
734	0.716914	0.671927	0.671927	0x00AC037
735	0.717890	0.672142	0.672142	0x00AC118
736	0.718867	0.672357	0.672358	0x00AC1FA
737	0.719844	0.672573	0.672572	0x00AC2DB
738	0.720820	0.672788	0.672788	0x00AC3BD
739	0.721797	0.673003	0.673002	0x00AC49E
740	0.722774	0.673218	0.673218	0x00AC580
741	0.723751	0.673432	0.673432	0x00AC661
742	0.724727	0.673647	0.673647	0x00AC742
743	0.725704	0.673862	0.673862	0x00AC823
744	0.726681	0.674076	0.674076	0x00AC904
745	0.727657	0.674291	0.674291	0x00AC9E5
746	0.728634	0.674505	0.674505	0x00ACAC6
747	0.729611	0.674720	0.674720	0x00ACBA7
748	0.730588	0.674934	0.674934	0x00ACC88
749	0.731564	0.675148	0.675148	0x00ACD68
750	0.732541	0.675363	0.675363	0x00ACE49
751	0.733518	0.675577	0.675577	0x00ACF2A
752	0.734495	0.675791	0.675791	0x00AD00A
753	0.735471	0.676005	0.676004	0x00AD0EA
754	0.736448	0.676219	0.676219	0x00AD1CB
755	0.737425	0.676432	0.676433	0x00AD2AB
756	0.738401	0.676646	0.676646	0x00AD38B
757	0.739378	0.676860	0.676860	0x00AD46B
758	0.740355	0.677073	0.677073	0x00AD54B
759	0.741332	0.677287	0.677287	0x00AD62B
760	0.742308	0.677500	0.677501	0x00AD70B
761	0.743285	0.677714	0.677713	0x00AD7EA
762	0.744262	0.677927	0.677927	0x00AD8CA
763	0.745238	0.678140	0.678141	0x00AD9AA
764	0.746215	0.678353	0.678353	0x00ADA89
765	0.747192	0.678567	0.678567	0x00ADB69
766	0.748169	0.678780	0.678780	0x00ADC48
767	0.749145	0.678992	0.678992	0x00ADD27
768	0.750122	0.679205	0.679205	0x00ADE06
769	0.751099	0.679418	0.679418	0x00ADEE5
770	0.752076	0.679631	0.679631	0x00ADFC5
771	0.753052	0.679843	0.679843	0x00AE0A3
772	0.754029	0.680056	0.680056	0x00AE182
773	0.755006	0.680268	0.680268	0x00AE261
774	0.755982	0.680481	0.680481	0x00AE340
775	0.756959	0.680693	0.680694	0x00AE41F
776	0.757936	0.680905	0.680905	0x00AE4FD
777	0.758913	0.681118	0.681118	0x00AE5DC
778	0.759889	0.681330	0.681330	0x00AE6BA
779	0.760866	0.681542	0.681541	0x00AE798
780	0.761843	0.681754	0.681754	0x00AE877
781	0.762819	0.681966	0.681966	0x00AE955
782	0.763796	0.682177	0.682178	0x00AEA33
783	0.764773	0.682389	0.682389	0x00AEB11
784	0.765750	0.682601	0.682601	0x00AEBEF
785	0.766726	0.682812	0.682813	0x00AECCD
786	0.767703	0.683024	0.683023	0x00AEDAA
787	0.768680	0.683235	0.683235	0x00AEE88
788	0.769657	0.683447	0.683447	0x00AEF66
789	0.770633	0.683658	0.683658	0x00AF043
790	0.771610	0.683869	0.683869	0x00AF121
791	0.772587	0.684080	0.684080	0x00AF1FE
792	0.773563	0.684291	0.684291	0x00AF2DB
793	0.774540	0.684502	0.684503	0x00AF3B9
794	0.775517	0.684713	0.684713	0x00AF496
795	0.776494	0.684924	0.684924	0x00AF573
796	0.777470	0.685135	0.685135	0x00AF650
797	0.778447	0.685345	0.685346	0x00AF72D
798	0.779424	0.685556	0.685555	0x00AF809
799	0.780400	0.685766	0.685766	0x00AF8E6
800	0.781377	0.685977	0.685977	0x00AF9C3
801	0.782354	0.686187	0.686187	0x00AFA9F
802	0.783331	0.686397	0.686398	0x00AFB7C
803	0.784307	0.686608	0.686607	0x00AFC58
804	0.785284	0.686818	0.686818	0x00AFD35
805	0.786261	0.687028	0.687028	0x00AFE11
806	0.787238	0.687238	0.687238	0x00AFEED
807	0.788214	0.687448	0.687448	0x00AFFC9
808	0.789191	0.687658	0.687657	0x00B00A5
809	0.790168	0.687867	0.687867	0x00B0181
810	0.791144	0.688077	0.688077	0x00B025D
811	0.792121	0.688287	0.688287	0x00B0339
812	0.793098	0.688496	0.688496	0x00B0414
813	0.794075	0.688706	0.688705	0x00B04F0
814	0.795051	0.688915	0.688915	0x00B05CC
815	0.796028	0.689124	0.689124	0x00B06A7
816	0.797005	0.689333	0.689333	0x00B0782
817	0.797981	0.689543	0.689543	0x00B085E
818	0.798958	0.689752	0.689752	0x00B0939
819	0.799935	0.689961	0.689960	0x00B0A14
820	0.800912	0.690169	0.690169	0x00B0AEF
821	0.801888	0.690378	0.690378	0x00B0BCA
822	0.802865	0.690587	0.690587	0x00B0CA5
823	0.803842	0.690796	0.690796	0x00B0D80
824	0.804818	0.691004	0.691004	0x00B0E5A
825	0.805795	0.691213	0.691213	0x00B0F35
826	0.806772	0.691421	0.691422	0x00B1010
827	0.807749	0.691630	0.691629	0x00B10EA
828	0.808725	0.691838	0.691838	0x00B11C5
829	0.809702	0.692046	0.692046	0x00B129F
830	0.810679	0.692254	0.692254	0x00B1379
831	0.811656	0.692462	0.692462	0x00B1453
832	0.812632	0.692670	0.692670	0x00B152D
833	0.813609	0.692878	0.692878	0x00B1607
834	0.814586	0.693086	0.693086	0x00B16E1
835	0.815562	0.693294	0.693294	0x00B17BB
836	0.816539	0.693501	0.693501	0x00B1895
837	0.817516	0.693709	0.693708	0x00B196E
838	0.818493	0.693916	0.693916	0x00B1A48
839	0.819469	0.694124	0.694123	0x00B1B21
840	0.820446	0.694331	0.694331	0x00B1BFB
841	0.821423	0.694538	0.694538	0x00B1CD4
842	0.822399	0.694745	0.694745	0x00B1DAD
843	0.823376	0.694953	0.694953	0x00B1E87
844	0.824353	0.695160	0.695160	0x00B1F60
845	0.825330	0.695367	0.695367	0x00B2039
846	0.826306	0.695573	0.695574	0x00B2112
847	0.827283	0.695780	0.695780	0x00B21EA
848	0.828260	0.695987	0.695987	0x00B22C3
849	0.829237	0.696193	0.696194	0x00B239C
850	0.830213	0.696400	0.696400	0x00B2474
851	0.831190	0.696606	0.696607	0x00B254D
852	0.832167	0.696813	0.696813	0x00B2625
853	0.833143	0.697019	0.697020	0x00B26FE
854	0.834120	0.697225	0.697226	0x00B27D6
855	0.835097	0.697432	0.697432	0x00B28AE
856	0.836074	0.697638	0.697638	0x00B2986
857	0.837050	0.697844	0.697844	0x00B2A5E
858	0.838027	0.698050	0.698050	0x00B2B36
859	0.839004	0.698255	0.698256	0x00B2C0E
860	0.839980	0.698461	0.698462	0x00B2CE6
861	0.840957	0.698667	0.698667	0x00B2DBD
862	0.841934	0.698872	0.698873	0x00B2E95
863	0.842911	0.699078	0.699078	0x00B2F6C
864	0.843887	0.699283	0.699284	0x00B3044
865	0.844864	0.699489	0.699489	0x00B311B
866	0.845841	0.699694	0.699694	0x00B31F2
867	0.846818	0.699899	0.699899	0x00B32C9
868	0.847794	0.700104	0.700104	0x00B33A0
869	0.848771	0.700309	0.700309	0x00B3477
870	0.849748	0.700514	0.700514	0x00B354E
871	0.850724	0.700719	0.700719	0x00B3625
872	0.851701	0.700924	0.700924	0x00B36FC
873	0.852678	0.701129	0.701129	0x00B37D3
874	0.853655	0.701333	0.701333	0x00B38A9
875	0.854631	0.701538	0.701538	0x00B3980
876	0.855608	0.701742	0.701742	0x00B3A56
877	0.856585	0.701947	0.701946	0x00B3B2C
878	0.857561	0.702151	0.702151	0x00B3C03
879	0.858538	0.702355	0.702355	0x00B3CD9
880	0.859515	0.702559	0.702559	0x00B3DAF
881	0.860492	0.702763	0.702764	0x00B3E85
882	0.861468	0.702967	0.702968	0x00B3F5B
883	0.862445	0.703171	0.703171	0x00B4030
884	0.863422	0.703375	0.703375	0x00B4106
885	0.864399	0.703579	0.703579	0x00B41DC
886	0.865375	0.703782	0.703782	0x00B42B1
887	0.866352	0.703986	0.703986	0x00B4387
888	0.867329	0.704190	0.704189	0x00B445C
889	0.868305	0.704393	0.704393	0x00B4532
890	0.869282	0.704596	0.704597	0x00B4607
891	0.870259	0.704800	0.704800	0x00B46DC
892	0.871236	0.705003	0.705003	0x00B47B1
893	0.872212	0.705206	0.705206	0x00B4886
894	0.873189	0.705409	0.705409	0x00B495B
895	0.874166	0.705612	0.705612	0x00B4A30
896	0.875142	0.705815	0.705814	0x00B4B04
897	0.876119	0.706017	0.706017	0x00B4BD9
898	0.877096	0.706220	0.706220	0x00B4CAD
899	0.878073	0.706423	0.706423	0x00B4D82
900	0.879049	0.706625	0.706625	0x00B4E56
901	0.880026	0.706828	0.706827	0x00B4F2A
902	0.881003	0.707030	0.707030	0x00B4FFF
903	0.881979	0.707232	0.707232	0x00B50D3
904	0.882956	0.707434	0.707435	0x00B51A7
905	0.883933	0.707637	0.707637	0x00B527B
906	0.884910	0.707839	0.707839	0x00B534F
907	0.885886	0.708041	0.708040	0x00B5422
908	0.886863	0.708242	0.708242	0x00B54F6
909	0.887840	0.708444	0.708445	0x00B55CA
910	0.888817	0.708646	0.708646	0x00B569D
911	0.889793	0.708848	0.708847	0x00B5770
912	0.890770	0.709049	0.709049	0x00B5844
913	0.891747	0.709250	0.709250	0x00B5917
914	0.892723	0.709452	0.709452	0x00B59EA
915	0.893700	0.709653	0.709653	0x00B5ABD
916	0.894677	0.709854	0.709854	0x00B5B90
917	0.895654	0.710055	0.710055	0x00B5C63
918	0.896630	0.710257	0.710257	0x00B5D36
919	0.897607	0.710457	0.710458	0x00B5E09
920	0.898584	0.710658	0.710658	0x00B5EDB
921	0.899560	0.710859	0.710859	0x00B5FAE
922	0.900537	0.711060	0.711060	0x00B6080
923	0.901514	0.711261	0.711261	0x00B6153
924	0.902491	0.711461	0.711461	0x00B6225
925	0.903467	0.711662	0.711661	0x00B62F7
926	0.904444	0.711862	0.711862	0x00B63C9
927	0.905421	0.712062	0.712062	0x00B649B
928	0.906398	0.712262	0.712262	0x00B656D
929	0.907374	0.712463	0.712462	0x00B663F
930	0.908351	0.712663	0.712663	0x00B6711
931	0.909328	0.712863	0.712863	0x00B67E3
932	0.910304	0.713062	0.713062	0x00B68B4
933	0.911281	0.713262	0.713263	0x00B6986
934	0.912258	0.713462	0.713462	0x00B6A57
935	0.913235	0.713662	0.713661	0x00B6B28
936	0.914211	0.713861	0.713861	0x00B6BFA
937	0.915188	0.714061	0.714061	0x00B6CCB
938	0.916165	0.714260	0.714260	0x00B6D9C
939	0.917141	0.714459	0.714459	0x00B6E6D
940	0.918118	0.714659	0.714659	0x00B6F3E
941	0.919095	0.714858	0.714858	0x00B700F
942	0.920072	0.715057	0.715056	0x00B70DF
943	0.921048	0.715256	0.715256	0x00B71B0
944	0.922025	0.715455	0.715454	0x00B7280
945	0.923002	0.715653	0.715653	0x00B7351
946	0.923979	0.715852	0.715852	0x00B7421
947	0.924955	0.716051	0.716051	0x00B74F2
948	0.925932	0.716249	0.716249	0x00B75C2
949	0.926909	0.716448	0.716448	0x00B7692
950	0.927885	0.716646	0.716646	0x00B7762
951	0.928862	0.716844	0.716845	0x00B7832
952	0.929839	0.717043	0.717043	0x00B7902
953	0.930816	0.717241	0.717240	0x00B79D1
954	0.931792	0.717439	0.717439	0x00B7AA1
955	0.932769	0.717637	0.717637	0x00B7B71
956	0.933746	0.717835	0.717834	0x00B7C40
957	0.934722	0.718032	0.718033	0x00B7D10
958	0.935699	0.718230	0.718230	0x00B7DDF
959	0.936676	0.718428	0.718428	0x00B7EAE
960	0.937653	0.718625	0.718625	0x00B7F7D
961	0.938629	0.718823	0.718822	0x00B804C
962	0.939606	0.719020	0.719020	0x00B811B
963	0.940583	0.719217	0.719217	0x00B81EA
964	0.941559	0.719415	0.719415	0x00B82B9
965	0.942536	0.719612	0.719612	0x00B8388
966	0.943513	0.719809	0.719809	0x00B8456
967	0.944490	0.720006	0.720006	0x00B8525
968	0.945466	0.720203	0.720202	0x00B85F3
969	0.946443	0.720399	0.720399	0x00B86C1
970	0.947420	0.720596	0.720596	0x00B8790
971	0.948397	0.720793	0.720793	0x00B885E
972	0.949373	0.720989	0.720989	0x00B892C
973	0.950350	0.721186	0.721186	0x00B89FA
974	0.951327	0.721382	0.721382	0x00B8AC8
975	0.952303	0.721578	0.721579	0x00B8B96
976	0.953280	0.721774	0.721774	0x00B8C63
977	0.954257	0.721970	0.721971	0x00B8D31
978	0.955234	0.722166	0.722166	0x00B8DFE
979	0.956210	0.722362	0.722363	0x00B8ECC
980	0.957187	0.722558	0.722558	0x00B8F99
981	0.958164	0.722754	0.722754	0x00B9067
982	0.959140	0.722950	0.722950	0x00B9134
983	0.960117	0.723145	0.723145	0x00B9201
984	0.961094	0.723341	0.723341	0x00B92CE
985	0.962071	0.723536	0.723536	0x00B939B
986	0.963047	0.723732	0.723732	0x00B9468
987	0.964024	0.723927	0.723927	0x00B9534
988	0.965001	0.724122	0.724122	0x00B9601
989	0.965978	0.724317	0.724317	0x00B96CD
990	0.966954	0.724512	0.724512	0x00B979A
991	0.967931	0.724707	0.724707	0x00B9866
992	0.968908	0.724902	0.724902	0x00B9933
993	0.969884	0.725096	0.725097	0x00B99FF
994	0.970861	0.725291	0.725291	0x00B9ACB
995	0.971838	0.725486	0.725486	0x00B9B97
996	0.972815	0.725680	0.725680	0x00B9C63
997	0.973791	0.725875	0.725875	0x00B9D2F
998	0.974768	0.726069	0.726068	0x00B9DFA
999	0.975745	0.726263	0.726263	0x00B9EC6
1000	0.976721	0.726457	0.726458	0x00B9F92
1001	0.977698	0.726651	0.726651	0x00BA05D
1002	0.978675	0.726845	0.726845	0x00BA128
1003	0.979652	0.727039	0.727039	0x00BA1F4
1004	0.980628	0.727233	0.727233	0x00BA2BF
1005	0.981605	0.727427	0.727427	0x00BA38A
1006	0.982582	0.727620	0.727620	0x00BA455
1007	0.983559	0.727814	0.727814	0x00BA520
1008	0.984535	0.728007	0.728007	0x00BA5EB
1009	0.985512	0.728201	0.728201	0x00BA6B6
1010	0.986489	0.728394	0.728394	0x00BA780
1011	0.987465	0.728587	0.728587	0x00BA84B
1012	0.988442	0.728780	0.728780	0x00BA915
1013	0.989419	0.728973	0.728973	0x00BA9E0
1014	0.990396	0.729166	0.729166	0x00BAAAA
1015	0.991372	0.729359	0.729359	0x00BAB74
1016	0.992349	0.729552	0.729551	0x00BAC3E
1017	0.993326	0.729744	0.729744	0x00BAD08
1018	0.994302	0.729937	0.729937	0x00BADD2
1019	0.995279	0.730129	0.730129	0x00BAE9C
1020	0.996256	0.730322	0.730322	0x00BAF66
1021	0.997233	0.730514	0.730515	0x00BB030
1022	0.998209	0.730706	0.730706	0x00BB0F9
1023	0.999186	0.730899	0.730899	0x00BB1C3
1024	1.000163	0.731091	0.731091	0x00BB28C
1025	1.001140	0.731283	0.731282	0x00BB355
1026	1.002116	0.731474	0.731475	0x00BB41F
1027	1.003093	0.731666	0.731667	0x00BB4E8
1028	1.004070	0.731858	0.731858	0x00BB5B1
1029	1.005046	0.732050	0.732050	0x00BB67A
1030	1.006023	0.732241	0.732241	0x00BB742
1031	1.007000	0.732433	0.732432	0x00BB80B
1032	1.007977	0.732624	0.732624	0x00BB8D4
1033	1.008953	0.732815	0.732815	0x00BB99C
1034	1.009930	0.733006	0.733006	0x00BBA65
1035	1.010907	0.733198	0.733197	0x00BBB2D
1036	1.011883	0.733389	0.733389	0x00BBBF6
1037	1.012860	0.733580	0.733580	0x00BBCBE
1038	1.013837	0.733770	0.733770	0x00BBD86
1039	1.014814	0.733961	0.733961	0x00BBE4E
1040	1.015790	0.734152	0.734152	0x00BBF16
1041	1.016767	0.734342	0.734343	0x00BBFDE
1042	1.017744	0.734533	0.734533	0x00BC0A6
1043	1.018720	0.734723	0.734723	0x00BC16D
1044	1.019697	0.734914	0.734914	0x00BC235
1045	1.020674	0.735104	0.735104	0x00BC2FC
1046	1.021651	0.735294	0.735294	0x00BC3C4
1047	1.022627	0.735484	0.735484	0x00BC48B
1048	1.023604	0.735674	0.735674	0x00BC552
1049	1.024581	0.735864	0.735864	0x00BC619
1050	1.025558	0.736054	0.736053	0x00BC6E0
1051	1.026534	0.736243	0.736243	0x00BC7A7
1052	1.027511	0.736433	0.736433	0x00BC86E
1053	1.028488	0.736623	0.736623	0x00BC935
1054	1.029464	0.736812	0.736812	0x00BC9FB
1055	1.030441	0.737001	0.737001	0x00BCAC2
1056	1.031418	0.737191	0.737190	0x00BCB88
1057	1.032395	0.737380	0.737380	0x00BCC4F
1058	1.033371	0.737569	0.737569	0x00BCD15
1059	1.034348	0.737758	0.737758	0x00BCDDB
1060	1.035325	0.737947	0.737947	0x00BCEA1
1061	1.036301	0.738136	0.738135	0x00BCF67
1062	1.037278	0.738324	0.738324	0x00BD02D
1063	1.038255	0.738513	0.738513	0x00BD0F3
1064	1.039232	0.738702	0.738702	0x00BD1B9
1065	1.040208	0.738890	0.738891	0x00BD27F
1066	1.041185	0.739079	0.739079	0x00BD344
1067	1.042162	0.739267	0.739267	0x00BD40A
1068	1.043139	0.739455	0.739455	0x00BD4CF
1069	1.044115	0.739643	0.739643	0x00BD594
1070	1.045092	0.739831	0.739831	0x00BD659
1071	1.046069	0.740019	0.740019	0x00BD71E
1072	1.047045	0.740207	0.740207	0x00BD7E3
1073	1.048022	0.740395	0.740395	0x00BD8A8
1074	1.048999	0.740583	0.740582	0x00BD96D
1075	1.049976	0.740770	0.740770	0x00BDA32
1076	1.050952	0.740958	0.740957	0x00BDAF6
1077	1.051929	0.741145	0.741145	0x00BDBBB
1078	1.052906	0.741332	0.741332	0x00BDC7F
1079	1.053882	0.741520	0.741520	0x00BDD44
1080	1.054859	0.741707	0.741707	0x00BDE08
1081	1.055836	0.741894	0.741894	0x00BDECC
1082	1.056813	0.742081	0.742081	0x00BDF90
1083	1.057789	0.742268	0.742268	0x00BE054
1084	1.058766	0.742455	0.742455	0x00BE118
1085	1.059743	0.742641	0.742641	0x00BE1DC
1086	1.060720	0.742828	0.742828	0x00BE2A0
1087	1.061696	0.743015	0.743014	0x00BE363
1088	1.062673	0.743201	0.743201	0x00BE427
1089	1.063650	0.743387	0.743387	0x00BE4EA
1090	1.064626	0.743574	0.743573	0x00BE5AD
1091	1.065603	0.743760	0.743760	0x00BE671
1092	1.066580	0.743946	0.743946	0x00BE734
1093	1.067557	0.744132	0.744132	0x00BE7F7
1094	1.068533	0.744318	0.744318	0x00BE8BA
1095	1.069510	0.744504	0.744504	0x00BE97D
1096	1.070487	0.744689	0.744690	0x00BEA40
1097	1.071463	0.744875	0.744875	0x00BEB02
1098	1.072440	0.745061	0.745061	0x00BEBC5
1099	1.073417	0.745246	0.745246	0x00BEC87
1100	1.074394	0.745432	0.745432	0x00BED4A
1101	1.075370	0.745617	0.745617	0x00BEE0C
1102	1.076347	0.745802	0.745802	0x00BEECE
1103	1.077324	0.745987	0.745987	0x00BEF90
1104	1.078301	0.746172	0.746172	0x00BF052
1105	1.079277	0.746357	0.746357	0x00BF114
1106	1.080254	0.746542	0.746542	0x00BF1D6
1107	1.081231	0.746727	0.746727	0x00BF298
1108	1.082207	0.746911	0.746911	0x00BF359
1109	1.083184	0.747096	0.747096	0x00BF41B
1110	1.084161	0.747281	0.747280	0x00BF4DC
1111	1.085138	0.747465	0.747465	0x00BF59E
1112	1.086114	0.747649	0.747649	0x00BF65F
1113	1.087091	0.747834	0.747833	0x00BF720
1114	1.088068	0.748018	0.748017	0x00BF7E1
1115	1.089044	0.748202	0.748201	0x00BF8A2
1116	1.090021	0.748386	0.748385	0x00BF963
1117	1.090998	0.748570	0.748569	0x00BFA24
1118	1.091975	0.748753	0.748754	0x00BFAE5
1119	1.092951	0.748937	0.748937	0x00BFBA5
1120	1.093928	0.749121	0.749121	0x00BFC66
1121	1.094905	0.749304	0.749304	0x00BFD26
1122	1.095881	0.749488	0.749488	0x00BFDE7
1123	1.096858	0.749671	0.749671	0x00BFEA7
1124	1.097835	0.749854	0.749854	0x00BFF67
1125	1.098812	0.750037	0.750037	0x00C0027
1126	1.099788	0.750220	0.750220	0x00C00E7
1127	1.100765	0.750403	0.750403	0x00C01A7
1128	1.101742	0.750586	0.750587	0x00C0267
1129	1.102719	0.750769	0.750769	0x00C0326
1130	1.103695	0.750952	0.750952	0x00C03E6
1131	1.104672	0.751134	0.751135	0x00C04A6
1132	1.105649	0.751317	0.751317	0x00C0565
1133	1.106625	0.751499	0.751499	0x00C0624
1134	1.107602	0.751682	0.751682	0x00C06E4
1135	1.108579	0.751864	0.751864	0x00C07A3
1136	1.109556	0.752046	0.752047	0x00C0862
1137	1.110532	0.752228	0.752229	0x00C0921
1138	1.111509	0.752410	0.752410	0x00C09DF
1139	1.112486	0.752592	0.752592	0x00C0A9E
1140	1.113462	0.752774	0.752774	0x00C0B5D
1141	1.114439	0.752956	0.752955	0x00C0C1B
1142	1.115416	0.753137	0.753138	0x00C0CDA
1143	1.116393	0.753319	0.753319	0x00C0D98
1144	1.117369	0.753500	0.753500	0x00C0E56
1145	1.118346	0.753682	0.753682	0x00C0F15
1146	1.119323	0.753863	0.753863	0x00C0FD3
1147	1.120300	0.754044	0.754045	0x00C1091
1148	1.121276	0.754225	0.754226	0x00C114F
1149	1.122253	0.754406	0.754406	0x00C120C
1150	1.123230	0.754587	0.754587	0x00C12CA
1151	1.124206	0.754768	0.754768	0x00C1388
1152	1.125183	0.754949	0.754949	0x00C1445
1153	1.126160	0.755130	0.755130	0x00C1503
1154	1.127137	0.755310	0.755310	0x00C15C0
1155	1.128113	0.755491	0.755490	0x00C167D
1156	1.129090	0.755671	0.755671	0x00C173A
1157	1.130067	0.755851	0.755851	0x00C17F7
1158	1.131043	0.756031	0.756031	0x00C18B4
1159	1.132020	0.756212	0.756211	0x00C1971
1160	1.132997	0.756392	0.756392	0x00C1A2E
1161	1.133974	0.756571	0.756572	0x00C1AEB
1162	1.134950	0.756751	0.756751	0x00C1BA7
1163	1.135927	0.756931	0.756931	0x00C1C64
1164	1.136904	0.757111	0.757111	0x00C1D20
1165	1.137881	0.757290	0.757290	0x00C1DDC
1166	1.138857	0.757470	0.757470	0x00C1E99
1167	1.139834	0.757649	0.757649	0x00C1F55
1168	1.140811	0.757828	0.757829	0x00C2011
1169	1.141787	0.758008	0.758008	0x00C20CD
1170	1.142764	0.758187	0.758186	0x00C2188
1171	1.143741	0.758366	0.758366	0x00C2244
1172	1.144718	0.758545	0.758545	0x00C2300
1173	1.145694	0.758724	0.758723	0x00C23BB
1174	1.146671	0.758902	0.758903	0x00C2477
1175	1.147648	0.759081	0.759081	0x00C2532
1176	1.148624	0.759260	0.759259	0x00C25ED
1177	1.149601	0.759438	0.759439	0x00C26A9
1178	1.150578	0.759616	0.759617	0x00C2764
1179	1.151555	0.759795	0.759795	0x00C281F
1180	1.152531	0.759973	0.759973	0x00C28D9
1181	1.153508	0.760151	0.760151	0x00C2994
1182	1.154485	0.760329	0.760329	0x00C2A4F
1183	1.155462	0.760507	0.760507	0x00C2B09
1184	1.156438	0.760685	0.760685	0x00C2BC4
1185	1.157415	0.760863	0.760862	0x00C2C7E
1186	1.158392	0.761040	0.761041	0x00C2D39
1187	1.159368	0.761218	0.761218	0x00C2DF3
1188	1.160345	0.761395	0.761395	0x00C2EAD
1189	1.161322	0.761573	0.761573	0x00C2F67
1190	1.162299	0.761750	0.761750	0x00C3021
1191	1.163275	0.761927	0.761928	0x00C30DB
1192	1.164252	0.762104	0.762104	0x00C3194
1193	1.165229	0.762282	0.762281	0x00C324E
1194	1.166205	0.762458	0.762459	0x00C3308
1195	1.167182	0.762635	0.762635	0x00C33C1
1196	1.168159	0.762812	0.762812	0x00C347A
1197	1.169136	0.762989	0.762989	0x00C3534
1198	1.170112	0.763165	0.763165	0x00C35ED
1199	1.171089	0.763342	0.763342	0x00C36A6
1200	1.172066	0.763518	0.763518	0x00C375F
1201	1.173042	0.763695	0.763695	0x00C3818
1202	1.174019	0.763871	0.763871	0x00C38D1
1203	1.174996	0.764047	0.764047	0x00C3989
1204	1.175973	0.764223	0.764223	0x00C3A42
1205	1.176949	0.764399	0.764399	0x00C3AFA
1206	1.177926	0.764575	0.764575	0x00C3BB3
1207	1.178903	0.764750	0.764750	0x00C3C6B
1208	1.179880	0.764926	0.764926	0x00C3D23
1209	1.180856	0.765102	0.765101	0x00C3DDB
1210	1.181833	0.765277	0.765277	0x00C3E93
1211	1.182810	0.765453	0.765452	0x00C3F4B
1212	1.183786	0.765628	0.765628	0x00C4003
1213	1.184763	0.765803	0.765803	0x00C40BB
1214	1.185740	0.765978	0.765978	0x00C4172
1215	1.186717	0.766153	0.766153	0x00C422A
1216	1.187693	0.766328	0.766328	0x00C42E1
1217	1.188670	0.766503	0.766503	0x00C4399
1218	1.189647	0.766678	0.766678	0x00C4450
1219	1.190623	0.766853	0.766852	0x00C4507
1220	1.191600	0.767027	0.767027	0x00C45BE
1221	1.192577	0.767202	0.767201	0x00C4675
1222	1.193554	0.767376	0.767376	0x00C472C
1223	1.194530	0.767550	0.767550	0x00C47E3
1224	1.195507	0.767725	0.767725	0x00C489A
1225	1.196484	0.767899	0.767899	0x00C4950
1226	1.197461	0.768073	0.768073	0x00C4A07
1227	1.198437	0.768247	0.768247	0x00C4ABD
1228	1.199414	0.768421	0.768420	0x00C4B73
1229	1.200391	0.768594	0.768595	0x00C4C2A
1230	1.201367	0.768768	0.768768	0x00C4CE0
1231	1.202344	0.768942	0.768942	0x00C4D96
1232	1.203321	0.769115	0.769115	0x00C4E4C
1233	1.204298	0.769288	0.769288	0x00C4F01
1234	1.205274	0.769462	0.769462	0x00C4FB7
1235	1.206251	0.769635	0.769635	0x00C506D
1236	1.207228	0.769808	0.769808	0x00C5122
1237	1.208204	0.769981	0.769981	0x00C51D8
1238	1.209181	0.770154	0.770154	0x00C528D
1239	1.210158	0.770327	0.770327	0x00C5342
1240	1.211135	0.770500	0.770499	0x00C53F7
1241	1.212111	0.770672	0.770672	0x00C54AC
1242	1.213088	0.770845	0.770844	0x00C5561
1243	1.214065	0.771017	0.771017	0x00C5616
1244	1.215042	0.771190	0.771190	0x00C56CB
1245	1.216018	0.771362	0.771362	0x00C5780
1246	1.216995	0.771534	0.771534	0x00C5834
1247	1.217972	0.771706	0.771707	0x00C58E9
1248	1.218948	0.771878	0.771878	0x00C599D
1249	1.219925	0.772050	0.772050	0x00C5A51
1250	1.220902	0.772222	0.772223	0x00C5B06
1251	1.221879	0.772394	0.772394	0x00C5BBA
1252	1.222855	0.772566	0.772566	0x00C5C6E
1253	1.223832	0.772737	0.772738	0x00C5D22
1254	1.224809	0.772909	0.772909	0x00C5DD6
1255	1.225785	0.773080	0.773080	0x00C5E89
1256	1.226762	0.773251	0.773252	0x00C5F3D
1257	1.227739	0.773423	0.773422	0x00C5FF0
1258	1.228716	0.773594	0.773594	0x00C60A4
1259	1.229692	0.773765	0.773765	0x00C6157
1260	1.230669	0.773936	0.773935	0x00C620A
1261	1.231646	0.774106	0.774106	0x00C62BD
1262	1.232622	0.774277	0.774278	0x00C6371
1263	1.233599	0.774448	0.774447	0x00C6423
1264	1.234576	0.774618	0.774618	0x00C64D6
1265	1.235553	0.774789	0.774789	0x00C6589
1266	1.236529	0.774959	0.774960	0x00C663C
1267	1.237506	0.775130	0.775129	0x00C66EE
1268	1.238483	0.775300	0.775300	0x00C67A1
1269	1.239460	0.775470	0.775470	0x00C6853
1270	1.240436	0.775640	0.775640	0x00C6905
1271	1.241413	0.775810	0.775810	0x00C69B8
1272	1.242390	0.775980	0.775980	0x00C6A6A
1273	1.243366	0.776149	0.776150	0x00C6B1C
1274	1.244343	0.776319	0.776320	0x00C6BCE
1275	1.245320	0.776489	0.776488	0x00C6C7F
1276	1.246297	0.776658	0.776658	0x00C6D31
1277	1.247273	0.776828	0.776828	0x00C6DE3
1278	1.248250	0.776997	0.776997	0x00C6E94
1279	1.249227	0.777166	0.777166	0x00C6F46
1280	1.250203	0.777335	0.777335	0x00C6FF7
1281	1.251180	0.777504	0.777504	0x00C70A8
1282	1.252157	0.777673	0.777673	0x00C7159
1283	1.253134	0.777842	0.777842	0x00C720A
1284	1.254110	0.778011	0.778010	0x00C72BB
1285	1.255087	0.778179	0.778179	0x00C736C
1286	1.256064	0.778348	0.778348	0x00C741D
1287	1.257041	0.778516	0.778516	0x00C74CD
1288	1.258017	0.778685	0.778685	0x00C757E
1289	1.258994	0.778853	0.778852	0x00C762E
1290	1.259971	0.779021	0.779021	0x00C76DF
1291	1.260947	0.779189	0.779189	0x00C778F
1292	1.261924	0.779357	0.779357	0x00C783F
1293	1.262901	0.779525	0.779525	0x00C78EF
1294	1.263878	0.779693	0.779693	0x00C799F
1295	1.264854	0.779861	0.779860	0x00C7A4F
1296	1.265831	0.780028	0.780028	0x00C7AFF
1297	1.266808	0.780196	0.780196	0x00C7BAF
1298	1.267784	0.780363	0.780363	0x00C7C5E
1299	1.268761	0.780531	0.780531	0x00C7D0E
1300	1.269738	0.780698	0.780698	0x00C7DBD
1301	1.270715	0.780865	0.780865	0x00C7E6C
1302	1.271691	0.781032	0.781033	0x00C7F1C
1303	1.272668	0.781199	0.781199	0x00C7FCB
1304	1.273645	0.781366	0.781366	0x00C807A
1305	1.274622	0.781533	0.781533	0x00C8129
1306	1.275598	0.781700	0.781699	0x00C81D7
1307	1.276575	0.781866	0.781866	0x00C8286
1308	1.277552	0.782033	0.782033	0x00C8335
1309	1.278528	0.782199	0.782199	0x00C83E3
1310	1.279505	0.782366	0.782366	0x00C8492
1311	1.280482	0.782532	0.782532	0x00C8540
1312	1.281459	0.782698	0.782698	0x00C85EE
1313	1.282435	0.782864	0.782864	0x00C869C
1314	1.283412	0.783030	0.783030	0x00C874A
1315	1.284389	0.783196	0.783195	0x00C87F8
1316	1.285365	0.783362	0.783361	0x00C88A6
1317	1.286342	0.783527	0.783527	0x00C8954
1318	1.287319	0.783693	0.783693	0x00C8A02
1319	1.288296	0.783859	0.783858	0x00C8AAF
1320	1.289272	0.784024	0.784024	0x00C8B5D
1321	1.290249	0.784189	0.784189	0x00C8C0A
1322	1.291226	0.784355	0.784354	0x00C8CB7
1323	1.292203	0.784520	0.784520	0x00C8D65
1324	1.293179	0.784685	0.784685	0x00C8E12
1325	1.294156	0.784850	0.784850	0x00C8EBF
1326	1.295133	0.785015	0.785015	0x00C8F6C
1327	1.296109	0.785179	0.785179	0x00C9018
1328	1.297086	0.785344	0.785344	0x00C90C5
1329	1.298063	0.785509	0.785509	0x00C9172
1330	1.299040	0.785673	0.785673	0x00C921E
1331	1.300016	0.785838	0.785838	0x00C92CB
1332	1.300993	0.786002	0.786002	0x00C9377
1333	1.301970	0.786166	0.786166	0x00C9423
1334	1.302946	0.786330	0.786330	0x00C94CF
1335	1.303923	0.786495	0.786494	0x00C957B
1336	1.304900	0.786658	0.786658	0x00C9627
1337	1.305877	0.786822	0.786822	0x00C96D3
1338	1.306853	0.786986	0.786986	0x00C977F
1339	1.307830	0.787150	0.787149	0x00C982A
1340	1.308807	0.787313	0.787313	0x00C98D6
1341	1.309783	0.787477	0.787477	0x00C9981
1342	1.310760	0.787640	0.787641	0x00C9A2D
1343	1.311737	0.787804	0.787804	0x00C9AD8
1344	1.312714	0.787967	0.787967	0x00C9B83
1345	1.313690	0.788130	0.788130	0x00C9C2E
1346	1.314667	0.788293	0.788293	0x00C9CD9
1347	1.315644	0.788456	0.788456	0x00C9D84
1348	1.316621	0.788619	0.788619	0x00C9E2F
1349	1.317597	0.788782	0.788782	0x00C9EDA
1350	1.318574	0.788944	0.788944	0x00C9F84
1351	1.319551	0.789107	0.789107	0x00CA02F
1352	1.320527	0.789269	0.789269	0x00CA0D9
1353	1.321504	0.789432	0.789432	0x00CA183
1354	1.322481	0.789594	0.789594	0x00CA22D
1355	1.323458	0.789756	0.789757	0x00CA2D8
1356	1.324434	0.789919	0.789919	0x00CA382
1357	1.325411	0.790081	0.790081	0x00CA42C
1358	1.326388	0.790242	0.790242	0x00CA4D5
1359	1.327364	0.790404	0.790404	0x00CA57F
1360	1.328341	0.790566	0.790566	0x00CA629
1361	1.329318	0.790728	0.790728	0x00CA6D2
1362	1.330295	0.790889	0.790890	0x00CA77C
1363	1.331271	0.791051	0.791051	0x00CA825
1364	1.332248	0.791212	0.791212	0x00CA8CE
1365	1.333225	0.791374	0.791373	0x00CA977
1366	1.334202	0.791535	0.791534	0x00CAA20
1367	1.335178	0.791696	0.791696	0x00CAAC9
1368	1.336155	0.791857	0.791857	0x00CAB72
1369	1.337132	0.792018	0.792018	0x00CAC1B
1370	1.338108	0.792179	0.792179	0x00CACC4
1371	1.339085	0.792339	0.792339	0x00CAD6C
1372	1.340062	0.792500	0.792500	0x00CAE15
1373	1.341039	0.792661	0.792661	0x00CAEBD
1374	1.342015	0.792821	0.792821	0x00CAF65
1375	1.342992	0.792982	0.792981	0x00CB00D
1376	1.343969	0.793142	0.793142	0x00CB0B6
1377	1.344945	0.793302	0.793302	0x00CB15D
1378	1.345922	0.793462	0.793462	0x00CB205
1379	1.346899	0.793622	0.793622	0x00CB2AD
1380	1.347876	0.793782	0.793782	0x00CB355
1381	1.348852	0.793942	0.793941	0x00CB3FC
1382	1.349829	0.794102	0.794102	0x00CB4A4
1383	1.350806	0.794261	0.794261	0x00CB54B
1384	1.351783	0.794421	0.794421	0x00CB5F3
1385	1.352759	0.794580	0.794580	0x00CB69A
1386	1.353736	0.794740	0.794740	0x00CB741
1387	1.354713	0.794899	0.794899	0x00CB7E8
1388	1.355689	0.795058	0.795058	0x00CB88F
1389	1.356666	0.795217	0.795218	0x00CB936
1390	1.357643	0.795376	0.795377	0x00CB9DD
1391	1.358620	0.795535	0.795535	0x00CBA83
1392	1.359596	0.795694	0.795694	0x00CBB2A
1393	1.360573	0.795853	0.795853	0x00CBBD0
1394	1.361550	0.796011	0.796012	0x00CBC77
1395	1.362526	0.796170	0.796170	0x00CBD1D
1396	1.363503	0.796328	0.796329	0x00CBDC3
1397	1.364480	0.796487	0.796487	0x00CBE69
1398	1.365457	0.796645	0.796645	0x00CBF0F
1399	1.366433	0.796803	0.796803	0x00CBFB5
1400	1.367410	0.796961	0.796962	0x00CC05B
1401	1.368387	0.797119	0.797119	0x00CC100
1402	1.369364	0.797277	0.797277	0x00CC1A6
1403	1.370340	0.797435	0.797435	0x00CC24B
1404	1.371317	0.797593	0.797593	0x00CC2F1
1405	1.372294	0.797750	0.797750	0x00CC396
1406	1.373270	0.797908	0.797908	0x00CC43B
1407	1.374247	0.798065	0.798065	0x00CC4E0
1408	1.375224	0.798223	0.798223	0x00CC585
1409	1.376201	0.798380	0.798380	0x00CC62A
1410	1.377177	0.798537	0.798537	0x00CC6CF
1411	1.378154	0.798694	0.798695	0x00CC774
1412	1.379131	0.798851	0.798851	0x00CC818
1413	1.380107	0.799008	0.799008	0x00CC8BD
1414	1.381084	0.799165	0.799165	0x00CC961
1415	1.382061	0.799322	0.799322	0x00CCA06
1416	1.383038	0.799478	0.799479	0x00CCAAA
1417	1.384014	0.799635	0.799635	0x00CCB4E
1418	1.384991	0.799791	0.799791	0x00CCBF2
1419	1.385968	0.799948	0.799948	0x00CCC96
1420	1.386944	0.800104	0.800104	0x00CCD3A
1421	1.387921	0.800260	0.800261	0x00CCDDE
1422	1.388898	0.800416	0.800416	0x00CCE81
1423	1.389875	0.800572	0.800572	0x00CCF25
1424	1.390851	0.800728	0.800728	0x00CCFC8
1425	1.391828	0.800884	0.800884	0x00CD06C
1426	1.392805	0.801040	0.801040	0x00CD10F
1427	1.393782	0.801195	0.801195	0x00CD1B2
1428	1.394758	0.801351	0.801351	0x00CD255
1429	1.395735	0.801506	0.801506	0x00CD2F8
1430	1.396712	0.801662	0.801661	0x00CD39B
1431	1.397688	0.801817	0.801817	0x00CD43E
1432	1.398665	0.801972	0.801972	0x00CD4E1
1433	1.399642	0.802127	0.802127	0x00CD583
1434	1.400619	0.802282	0.802282	0x00CD626
1435	1.401595	0.802437	0.802437	0x00CD6C8
1436	1.402572	0.802592	0.802591	0x00CD76A
1437	1.403549	0.802746	0.802747	0x00CD80D
1438	1.404525	0.802901	0.802901	0x00CD8AF
1439	1.405502	0.803056	0.803056	0x00CD951
1440	1.406479	0.803210	0.803210	0x00CD9F3
1441	1.407456	0.803364	0.803365	0x00CDA95
1442	1.408432	0.803519	0.803518	0x00CDB36
1443	1.409409	0.803673	0.803673	0x00CDBD8
1444	1.410386	0.803827	0.803826	0x00CDC79
1445	1.411363	0.803981	0.803981	0x00CDD1B
1446	1.412339	0.804135	0.804134	0x00CDDBC
1447	1.413316	0.804288	0.804289	0x00CDE5E
1448	1.414293	0.804442	0.804442	0x00CDEFF
1449	1.415269	0.804596	0.804596	0x00CDFA0
1450	1.416246	0.804749	0.804749	0x00CE041
1451	1.417223	0.804903	0.804903	0x00CE0E2
1452	1.418200	0.805056	0.805056	0x00CE182
1453	1.419176	0.805209	0.805209	0x00CE223
1454	1.420153	0.805362	0.805363	0x00CE2C4
1455	1.421130	0.805515	0.805515	0x00CE364
1456	1.422106	0.805668	0.805669	0x00CE405
1457	1.423083	0.805821	0.805821	0x00CE4A5
1458	1.424060	0.805974	0.805974	0x00CE545
1459	1.425037	0.806127	0.806127	0x00CE5E5
1460	1.426013	0.806279	0.806279	0x00CE685
1461	1.426990	0.806432	0.806432	0x00CE725
1462	1.427967	0.806584	0.806584	0x00CE7C5
1463	1.428944	0.806737	0.806737	0x00CE865
1464	1.429920	0.806889	0.806889	0x00CE904
1465	1.430897	0.807041	0.807041	0x00CE9A4
1466	1.431874	0.807193	0.807193	0x00CEA43
1467	1.432850	0.807345	0.807345	0x00CEAE3
1468	1.433827	0.807497	0.807497	0x00CEB82
1469	1.434804	0.807649	0.807649	0x00CEC21
1470	1.435781	0.807800	0.807800	0x00CECC0
1471	1.436757	0.807952	0.807952	0x00CED5F
1472	1.437734	0.808104	0.808104	0x00CEDFE
1473	1.438711	0.808255	0.808255	0x00CEE9D
1474	1.439687	0.808406	0.808406	0x00CEF3B
1475	1.440664	0.808557	0.808558	0x00CEFDA
1476	1.441641	0.808709	0.808708	0x00CF078
1477	1.442618	0.808860	0.808860	0x00CF117
1478	1.443594	0.809011	0.809011	0x00CF1B5
1479	1.444571	0.809162	0.809161	0x00CF253
1480	1.445548	0.809312	0.809312	0x00CF2F1
1481	1.446524	0.809463	0.809463	0x00CF38F
1482	1.447501	0.809614	0.809613	0x00CF42D
1483	1.448478	0.809764	0.809764	0x00CF4CB
1484	1.449455	0.809914	0.809915	0x00CF569
1485	1.450431	0.810065	0.810065	0x00CF607
1486	1.451408	0.810215	0.810215	0x00CF6A4
1487	1.452385	0.810365	0.810365	0x00CF741
1488	1.453362	0.810515	0.810515	0x00CF7DF
1489	1.454338	0.810665	0.810665	0x00CF87C
1490	1.455315	0.810815	0.810815	0x00CF919
1491	1.456292	0.810965	0.810965	0x00CF9B6
1492	1.457268	0.811115	0.811114	0x00CFA53
1493	1.458245	0.811264	0.811264	0x00CFAF0
1494	1.459222	0.811414	0.811414	0x00CFB8D
1495	1.460199	0.811563	0.811563	0x00CFC2A
1496	1.461175	0.811712	0.811712	0x00CFCC6
1497	1.462152	0.811862	0.811862	0x00CFD63
1498	1.463129	0.812011	0.812011	0x00CFDFF
1499	1.464105	0.812160	0.812160	0x00CFE9B
1500	1.465082	0.812309	0.812308	0x00CFF37
1501	1.466059	0.812458	0.812458	0x00CFFD4
1502	1.467036	0.812606	0.812607	0x00D0070
1503	1.468012	0.812755	0.812755	0x00D010B
1504	1.468989	0.812904	0.812903	0x00D01A7
1505	1.469966	0.813052	0.813052	0x00D0243
1506	1.470943	0.813201	0.813201	0x00D02DF
1507	1.471919	0.813349	0.813349	0x00D037A
1508	1.472896	0.813497	0.813498	0x00D0416
1509	1.473873	0.813645	0.813645	0x00D04B1
1510	1.474849	0.813793	0.813793	0x00D054C
1511	1.475826	0.813941	0.813941	0x00D05E7
1512	1.476803	0.814089	0.814089	0x00D0682
1513	1.477780	0.814237	0.814237	0x00D071D
1514	1.478756	0.814385	0.814384	0x00D07B8
1515	1.479733	0.814532	0.814532	0x00D0853
1516	1.480710	0.814680	0.814680	0x00D08EE
1517	1.481686	0.814827	0.814827	0x00D0988
1518	1.482663	0.814975	0.814975	0x00D0A23
1519	1.483640	0.815122	0.815122	0x00D0ABD
1520	1.484617	0.815269	0.815269	0x00D0B57
1521	1.485593	0.815416	0.815416	0x00D0BF2
1522	1.486570	0.815563	0.815563	0x00D0C8C
1523	1.487547	0.815710	0.815710	0x00D0D26
1524	1.488524	0.815857	0.815857	0x00D0DC0
1525	1.489500	0.816003	0.816003	0x00D0E59
1526	1.490477	0.816150	0.816150	0x00D0EF3
1527	1.491454	0.816296	0.816297	0x00D0F8D
1528	1.492430	0.816443	0.816442	0x00D1026
1529	1.493407	0.816589	0.816589	0x00D10C0
1530	1.494384	0.816735	0.816735	0x00D1159
1531	1.495361	0.816882	0.816881	0x00D11F2
1532	1.496337	0.817028	0.817027	0x00D128B
1533	1.497314	0.817174	0.817174	0x00D1325
1534	1.498291	0.817319	0.817320	0x00D13BE
1535	1.499267	0.817465	0.817465	0x00D1456
1536	1.500244	0.817611	0.817611	0x00D14EF
1537	1.501221	0.817756	0.817757	0x00D1588
1538	1.502198	0.817902	0.817902	0x00D1620
1539	1.503174	0.818047	0.818048	0x00D16B9
1540	1.504151	0.818193	0.818192	0x00D1751
1541	1.505128	0.818338	0.818338	0x00D17EA
1542	1.506105	0.818483	0.818483	0x00D1882
1543	1.507081	0.818628	0.818628	0x00D191A
1544	1.508058	0.818773	0.818773	0x00D19B2
1545	1.509035	0.818918	0.818918	0x00D1A4A
1546	1.510011	0.819063	0.819063	0x00D1AE2
1547	1.510988	0.819208	0.819207	0x00D1B79
1548	1.511965	0.819352	0.819352	0x00D1C11
1549	1.512942	0.819497	0.819497	0x00D1CA9
1550	1.513918	0.819641	0.819641	0x00D1D40
1551	1.514895	0.819786	0.819785	0x00D1DD7
1552	1.515872	0.819930	0.819930	0x00D1E6F
1553	1.516848	0.820074	0.820074	0x00D1F06
1554	1.517825	0.820218	0.820218	0x00D1F9D
1555	1.518802	0.820362	0.820362	0x00D2034
1556	1.519779	0.820506	0.820506	0x00D20CB
1557	1.520755	0.820650	0.820650	0x00D2162
1558	1.521732	0.820793	0.820793	0x00D21F8
1559	1.522709	0.820937	0.820937	0x00D228F
1560	1.523685	0.821081	0.821080	0x00D2325
1561	1.524662	0.821224	0.821224	0x00D23BC
1562	1.525639	0.821367	0.821367	0x00D2452
1563	1.526616	0.821511	0.821510	0x00D24E8
1564	1.527592	0.821654	0.821653	0x00D257E
1565	1.528569	0.821797	0.821796	0x00D2614
1566	1.529546	0.821940	0.821939	0x00D26AA
1567	1.530523	0.822083	0.822083	0x00D2740
1568	1.531499	0.822226	0.822226	0x00D27D6
1569	1.532476	0.822368	0.822369	0x00D286C
1570	1.533453	0.822511	0.822511	0x00D2901
1571	1.534429	0.822653	0.822654	0x00D2997
1572	1.535406	0.822796	0.822796	0x00D2A2C
1573	1.536383	0.822938	0.822938	0x00D2AC1
1574	1.537360	0.823081	0.823081	0x00D2B57
1575	1.538336	0.823223	0.823223	0x00D2BEC
1576	1.539313	0.823365	0.823365	0x00D2C81
1577	1.540290	0.823507	0.823507	0x00D2D16
1578	1.541266	0.823649	0.823648	0x00D2DAA
1579	1.542243	0.823791	0.823791	0x00D2E3F
1580	1.543220	0.823932	0.823933	0x00D2ED4
1581	1.544197	0.824074	0.824074	0x00D2F68
1582	1.545173	0.824216	0.824216	0x00D2FFD
1583	1.546150	0.824357	0.824357	0x00D3091
1584	1.547127	0.824498	0.824498	0x00D3125
1585	1.548104	0.824640	0.824639	0x00D31B9
1586	1.549080	0.824781	0.824780	0x00D324D
1587	1.550057	0.824922	0.824922	0x00D32E1
1588	1.551034	0.825063	0.825063	0x00D3375
1589	1.552010	0.825204	0.825204	0x00D3409
1590	1.552987	0.825345	0.825345	0x00D349D
1591	1.553964	0.825485	0.825485	0x00D3530
1592	1.554941	0.825626	0.825626	0x00D35C4
1593	1.555917	0.825767	0.825767	0x00D3657
1594	1.556894	0.825907	0.825907	0x00D36EA
1595	1.557871	0.826048	0.826048	0x00D377E
1596	1.558847	0.826188	0.826188	0x00D3811
1597	1.559824	0.826328	0.826328	0x00D38A4
1598	1.560801	0.826468	0.826468	0x00D3937
1599	1.561778	0.826608	0.826609	0x00D39CA
1600	1.562754	0.826748	0.826748	0x00D3A5C
1601	1.563731	0.826888	0.826888	0x00D3AEF
1602	1.564708	0.827028	0.827028	0x00D3B82
1603	1.565685	0.827168	0.827168	0x00D3C14
1604	1.566661	0.827307	0.827307	0x00D3CA6
1605	1.567638	0.827447	0.827447	0x00D3D39
1606	1.568615	0.827586	0.827586	0x00D3DCB
1607	1.569591	0.827725	0.827725	0x00D3E5D
1608	1.570568	0.827865	0.827865	0x00D3EEF
1609	1.571545	0.828004	0.828004	0x00D3F81
1610	1.572522	0.828143	0.828143	0x00D4013
1611	1.573498	0.828282	0.828281	0x00D40A4
1612	1.574475	0.828421	0.828421	0x00D4136
1613	1.575452	0.828559	0.828560	0x00D41C8
1614	1.576428	0.828698	0.828698	0x00D4259
1615	1.577405	0.828837	0.828836	0x00D42EA
1616	1.578382	0.828975	0.828976	0x00D437C
1617	1.579359	0.829114	0.829114	0x00D440D
1618	1.580335	0.829252	0.829252	0x00D449E
1619	1.581312	0.829390	0.829391	0x00D452F
1620	1.582289	0.829528	0.829529	0x00D45C0
1621	1.583266	0.829666	0.829666	0x00D4650
1622	1.584242	0.829804	0.829804	0x00D46E1
1623	1.585219	0.829942	0.829943	0x00D4772
1624	1.586196	0.830080	0.830080	0x00D4802
1625	1.587172	0.830218	0.830218	0x00D4893
1626	1.588149	0.830356	0.830356	0x00D4923
1627	1.589126	0.830493	0.830493	0x00D49B3
1628	1.590103	0.830631	0.830630	0x00D4A43
1629	1.591079	0.830768	0.830768	0x00D4AD3
1630	1.592056	0.830905	0.830905	0x00D4B63
1631	1.593033	0.831042	0.831042	0x00D4BF3
1632	1.594009	0.831179	0.831180	0x00D4C83
1633	1.594986	0.831316	0.831316	0x00D4D12
1634	1.595963	0.831453	0.831453	0x00D4DA2
1635	1.596940	0.831590	0.831591	0x00D4E32
1636	1.597916	0.831727	0.831727	0x00D4EC1
1637	1.598893	0.831864	0.831863	0x00D4F50
1638	1.599870	0.832000	0.832000	0x00D4FDF
1639	1.600846	0.832137	0.832137	0x00D506F
1640	1.601823	0.832273	0.832273	0x00D50FE
1641	1.602800	0.832409	0.832409	0x00D518C
1642	1.603777	0.832546	0.832545	0x00D521B
1643	1.604753	0.832682	0.832682	0x00D52AA
1644	1.605730	0.832818	0.832818	0x00D5339
1645	1.606707	0.832954	0.832953	0x00D53C7
1646	1.607684	0.833090	0.833090	0x00D5456
1647	1.608660	0.833225	0.833225	0x00D54E4
1648	1.609637	0.833361	0.833361	0x00D5572
1649	1.610614	0.833497	0.833497	0x00D5601
1650	1.611590	0.833632	0.833632	0x00D568F
1651	1.612567	0.833767	0.833768	0x00D571D
1652	1.613544	0.833903	0.833902	0x00D57AA
1653	1.614521	0.834038	0.834038	0x00D5838
1654	1.615497	0.834173	0.834173	0x00D58C6
1655	1.616474	0.834308	0.834309	0x00D5954
1656	1.617451	0.834443	0.834443	0x00D59E1
1657	1.618427	0.834578	0.834579	0x00D5A6F
1658	1.619404	0.834713	0.834713	0x00D5AFC
1659	1.620381	0.834848	0.834847	0x00D5B89
1660	1.621358	0.834982	0.834982	0x00D5C16
1661	1.622334	0.835117	0.835116	0x00D5CA3
1662	1.623311	0.835251	0.835251	0x00D5D30
1663	1.624288	0.835386	0.835385	0x00D5DBD
1664	1.625265	0.835520	0.835520	0x00D5E4A
1665	1.626241	0.835654	0.835654	0x00D5ED7
1666	1.627218	0.835788	0.835788	0x00D5F63
1667	1.628195	0.835922	0.835922	0x00D5FF0
1668	1.629171	0.836056	0.836056	0x00D607C
1669	1.630148	0.836190	0.836190	0x00D6109
1670	1.631125	0.836324	0.836324	0x00D6195
1671	1.632102	0.836457	0.836457	0x00D6221
1672	1.633078	0.836591	0.836591	0x00D62AD
1673	1.634055	0.836724	0.836724	0x00D6339
1674	1.635032	0.836858	0.836858	0x00D63C5
1675	1.636008	0.836991	0.836991	0x00D6451
1676	1.636985	0.837124	0.837124	0x00D64DC
1677	1.637962	0.837257	0.837257	0x00D6568
1678	1.638939	0.837390	0.837391	0x00D65F4
1679	1.639915	0.837523	0.837523	0x00D667F
1680	1.640892	0.837656	0.837656	0x00D670A
1681	1.641869	0.837789	0.837790	0x00D6796
1682	1.642846	0.837922	0.837922	0x00D6821
1683	1.643822	0.838054	0.838055	0x00D68AC
1684	1.644799	0.838187	0.838187	0x00D6937
1685	1.645776	0.838319	0.838320	0x00D69C2
1686	1.646752	0.838452	0.838451	0x00D6A4C
1687	1.647729	0.838584	0.838584	0x00D6AD7
1688	1.648706	0.838716	0.838717	0x00D6B62
1689	1.649683	0.838848	0.838848	0x00D6BEC
1690	1.650659	0.838980	0.838980	0x00D6C76
1691	1.651636	0.839112	0.839112	0x00D6D01
1692	1.652613	0.839244	0.839244	0x00D6D8B
1693	1.653589	0.839376	0.839375	0x00D6E15
1694	1.654566	0.839507	0.839507	0x00D6E9F
1695	1.655543	0.839639	0.839639	0x00D6F29
1696	1.656520	0.839770	0.839770	0x00D6FB3
1697	1.657496	0.839902	0.839902	0x00D703D
1698	1.658473	0.840033	0.840033	0x00D70C6
1699	1.659450	0.840164	0.840164	0x00D7150
1700	1.660427	0.840295	0.840295	0x00D71D9
1701	1.661403	0.840426	0.840426	0x00D7263
1702	1.662380	0.840557	0.840557	0x00D72EC
1703	1.663357	0.840688	0.840688	0x00D7375
1704	1.664333	0.840819	0.840818	0x00D73FE
1705	1.665310	0.840950	0.840949	0x00D7487
1706	1.666287	0.841080	0.841080	0x00D7510
1707	1.667264	0.841211	0.841210	0x00D7599
1708	1.668240	0.841341	0.841341	0x00D7622
1709	1.669217	0.841471	0.841472	0x00D76AB
1710	1.670194	0.841602	0.841601	0x00D7733
1711	1.671170	0.841732	0.841732	0x00D77BC
1712	1.672147	0.841862	0.841862	0x00D7844
1713	1.673124	0.841992	0.841991	0x00D78CC
1714	1.674101	0.842122	0.842122	0x00D7955
1715	1.675077	0.842252	0.842252	0x00D79DD
1716	1.676054	0.842381	0.842381	0x00D7A65
1717	1.677031	0.842511	0.842511	0x00D7AED
1718	1.678007	0.842641	0.842641	0x00D7B75
1719	1.678984	0.842770	0.842770	0x00D7BFC
1720	1.679961	0.842899	0.842899	0x00D7C84
1721	1.680938	0.843029	0.843029	0x00D7D0C
1722	1.681914	0.843158	0.843158	0x00D7D93
1723	1.682891	0.843287	0.843287	0x00D7E1A
1724	1.683868	0.843416	0.843416	0x00D7EA2
1725	1.684845	0.843545	0.843545	0x00D7F29
1726	1.685821	0.843674	0.843674	0x00D7FB0
1727	1.686798	0.843803	0.843802	0x00D8037
1728	1.687775	0.843931	0.843931	0x00D80BE
1729	1.688751	0.844060	0.844060	0x00D8145
1730	1.689728	0.844188	0.844189	0x00D81CC
1731	1.690705	0.844317	0.844316	0x00D8252
1732	1.691682	0.844445	0.844445	0x00D82D9
1733	1.692658	0.844573	0.844573	0x00D835F
1734	1.693635	0.844702	0.844702	0x00D83E6
1735	1.694612	0.844830	0.844830	0x00D846C
1736	1.695588	0.844958	0.844957	0x00D84F2
1737	1.696565	0.845086	0.845085	0x00D8578
1738	1.697542	0.845213	0.845214	0x00D85FF
1739	1.698519	0.845341	0.845341	0x00D8684
1740	1.699495	0.845469	0.845469	0x00D870A
1741	1.700472	0.845596	0.845596	0x00D8790
1742	1.701449	0.845724	0.845724	0x00D8816
1743	1.702426	0.845851	0.845851	0x00D889B
1744	1.703402	0.845979	0.845979	0x00D8921
1745	1.704379	0.846106	0.846106	0x00D89A6
1746	1.705356	0.846233	0.846233	0x00D8A2C
1747	1.706332	0.846360	0.846360	0x00D8AB1
1748	1.707309	0.846487	0.846487	0x00D8B36
1749	1.708286	0.846614	0.846614	0x00D8BBB
1750	1.709263	0.846741	0.846741	0x00D8C40
1751	1.710239	0.846867	0.846868	0x00D8CC5
1752	1.711216	0.846994	0.846994	0x00D8D4A
1753	1.712193	0.847120	0.847120	0x00D8DCE
1754	1.713169	0.847247	0.847247	0x00D8E53
1755	1.714146	0.847373	0.847373	0x00D8ED7
1756	1.715123	0.847500	0.847500	0x00D8F5C
1757	1.716100	0.847626	0.847626	0x00D8FE0
1758	1.717076	0.847752	0.847752	0x00D9064
1759	1.718053	0.847878	0.847878	0x00D90E8
1760	1.719030	0.848004	0.848003	0x00D916C
1761	1.720007	0.848130	0.848129	0x00D91F0
1762	1.720983	0.848255	0.848255	0x00D9274
1763	1.721960	0.848381	0.848381	0x00D92F8
1764	1.722937	0.848507	0.848507	0x00D937C
1765	1.723913	0.848632	0.848632	0x00D93FF
1766	1.724890	0.848758	0.848758	0x00D9483
1767	1.725867	0.848883	0.848883	0x00D9506
1768	1.726844	0.849008	0.849009	0x00D958A
1769	1.727820	0.849133	0.849133	0x00D960D
1770	1.728797	0.849258	0.849258	0x00D9690
1771	1.729774	0.849383	0.849383	0x00D9713
1772	1.730750	0.849508	0.849508	0x00D9796
1773	1.731727	0.849633	0.849633	0x00D9819
1774	1.732704	0.849758	0.849758	0x00D989C
1775	1.733681	0.849883	0.849883	0x00D991F
1776	1.734657	0.850007	0.850007	0x00D99A1
1777	1.735634	0.850132	0.850132	0x00D9A24
1778	1.736611	0.850256	0.850256	0x00D9AA6
1779	1.737587	0.850380	0.850380	0x00D9B28
1780	1.738564	0.850505	0.850505	0x00D9BAB
1781	1.739541	0.850629	0.850629	0x00D9C2D
1782	1.740518	0.850753	0.850753	0x00D9CAF
1783	1.741494	0.850877	0.850877	0x00D9D31
1784	1.742471	0.851001	0.851001	0x00D9DB3
1785	1.743448	0.851124	0.851125	0x00D9E35
1786	1.744425	0.851248	0.851248	0x00D9EB6
1787	1.745401	0.851372	0.851372	0x00D9F38
1788	1.746378	0.851495	0.851496	0x00D9FBA
1789	1.747355	0.851619	0.851619	0x00DA03B
1790	1.748331	0.851742	0.851742	0x00DA0BC
1791	1.749308	0.851866	0.851866	0x00DA13E
1792	1.750285	0.851989	0.851989	0x00DA1BF
1793	1.751262	0.852112	0.852112	0x00DA240
1794	1.752238	0.852235	0.852235	0x00DA2C1
1795	1.753215	0.852358	0.852358	0x00DA342
1796	1.754192	0.852481	0.852481	0x00DA3C3
1797	1.755168	0.852604	0.852604	0x00DA444
1798	1.756145	0.852726	0.852726	0x00DA4C4
1799	1.757122	0.852849	0.852849	0x00DA545
1800	1.758099	0.852971	0.852971	0x00DA5C5
1801	1.759075	0.853094	0.853094	0x00DA646
1802	1.760052	0.853216	0.853216	0x00DA6C6
1803	1.761029	0.853338	0.853338	0x00DA746
1804	1.762006	0.853461	0.853460	0x00DA7C6
1805	1.762982	0.853583	0.853582	0x00DA846
1806	1.763959	0.853705	0.853704	0x00DA8C6
1807	1.764936	0.853827	0.853827	0x00DA946
1808	1.765912	0.853949	0.853949	0x00DA9C6
1809	1.766889	0.854070	0.854071	0x00DAA46
1810	1.767866	0.854192	0.854192	0x00DAAC5
1811	1.768843	0.854314	0.854314	0x00DAB45
1812	1.769819	0.854435	0.854435	0x00DABC4
1813	1.770796	0.854557	0.854557	0x00DAC44
1814	1.771773	0.854678	0.854678	0x00DACC3
1815	1.772749	0.854799	0.854799	0x00DAD42
1816	1.773726	0.854920	0.854920	0x00DADC1
1817	1.774703	0.855042	0.855042	0x00DAE40
1818	1.775680	0.855163	0.855163	0x00DAEBF
1819	1.776656	0.855284	0.855284	0x00DAF3E
1820	1.777633	0.855404	0.855404	0x00DAFBC
1821	1.778610	0.855525	0.855525	0x00DB03B
1822	1.779587	0.855646	0.855646	0x00DB0BA
1823	1.780563	0.855766	0.855766	0x00DB138
1824	1.781540	0.855887	0.855886	0x00DB1B6
1825	1.782517	0.856007	0.856008	0x00DB235
1826	1.783493	0.856128	0.856128	0x00DB2B3
1827	1.784470	0.856248	0.856248	0x00DB331
1828	1.785447	0.856368	0.856368	0x00DB3AF
1829	1.786424	0.856488	0.856488	0x00DB42D
1830	1.787400	0.856608	0.856608	0x00DB4AB
1831	1.788377	0.856728	0.856729	0x00DB529
1832	1.789354	0.856848	0.856848	0x00DB5A6
1833	1.790330	0.856968	0.856968	0x00DB624
1834	1.791307	0.857087	0.857087	0x00DB6A1
1835	1.792284	0.857207	0.857207	0x00DB71F
1836	1.793261	0.857327	0.857327	0x00DB79C
1837	1.794237	0.857446	0.857446	0x00DB819
1838	1.795214	0.857565	0.857565	0x00DB896
1839	1.796191	0.857685	0.857684	0x00DB913
1840	1.797168	0.857804	0.857803	0x00DB990
1841	1.798144	0.857923	0.857923	0x00DBA0D
1842	1.799121	0.858042	0.858042	0x00DBA8A
1843	1.800098	0.858161	0.858161	0x00DBB07
1844	1.801074	0.858280	0.858279	0x00DBB83
1845	1.802051	0.858398	0.858398	0x00DBC00
1846	1.803028	0.858517	0.858517	0x00DBC7C
1847	1.804005	0.858636	0.858636	0x00DBCF9
1848	1.804981	0.858754	0.858754	0x00DBD75
1849	1.805958	0.858873	0.858872	0x00DBDF1
1850	1.806935	0.858991	0.858991	0x00DBE6D
1851	1.807911	0.859109	0.859109	0x00DBEE9
1852	1.808888	0.859227	0.859227	0x00DBF65
1853	1.809865	0.859346	0.859345	0x00DBFE1
1854	1.810842	0.859464	0.859464	0x00DC05D
1855	1.811818	0.859581	0.859582	0x00DC0D9
1856	1.812795	0.859699	0.859699	0x00DC154
1857	1.813772	0.859817	0.859818	0x00DC1D0
1858	1.814748	0.859935	0.859935	0x00DC24B
1859	1.815725	0.860052	0.860052	0x00DC2C6
1860	1.816702	0.860170	0.860170	0x00DC342
1861	1.817679	0.860287	0.860288	0x00DC3BD
1862	1.818655	0.860405	0.860405	0x00DC438
1863	1.819632	0.860522	0.860522	0x00DC4B3
1864	1.820609	0.860639	0.860640	0x00DC52E
1865	1.821586	0.860756	0.860756	0x00DC5A8
1866	1.822562	0.860873	0.860873	0x00DC623
1867	1.823539	0.860990	0.860991	0x00DC69E
1868	1.824516	0.861107	0.861107	0x00DC718
1869	1.825492	0.861224	0.861224	0x00DC793
1870	1.826469	0.861341	0.861341	0x00DC80D
1871	1.827446	0.861457	0.861457	0x00DC887
1872	1.828423	0.861574	0.861574	0x00DC902
1873	1.829399	0.861690	0.861691	0x00DC97C
1874	1.830376	0.861807	0.861807	0x00DC9F6
1875	1.831353	0.861923	0.861923	0x00DCA70
1876	1.832329	0.862039	0.862039	0x00DCAE9
1877	1.833306	0.862155	0.862155	0x00DCB63
1878	1.834283	0.862271	0.862271	0x00DCBDD
1879	1.835260	0.862387	0.862387	0x00DCC56
1880	1.836236	0.862503	0.862503	0x00DCCD0
1881	1.837213	0.862619	0.862618	0x00DCD49
1882	1.838190	0.862734	0.862735	0x00DCDC3
1883	1.839167	0.862850	0.862850	0x00DCE3C
1884	1.840143	0.862966	0.862966	0x00DCEB5
1885	1.841120	0.863081	0.863081	0x00DCF2E
1886	1.842097	0.863196	0.863196	0x00DCFA7
1887	1.843073	0.863312	0.863312	0x00DD020
1888	1.844050	0.863427	0.863427	0x00DD099
1889	1.845027	0.863542	0.863543	0x00DD112
1890	1.846004	0.863657	0.863657	0x00DD18A
1891	1.846980	0.863772	0.863772	0x00DD203
1892	1.847957	0.863887	0.863887	0x00DD27B
1893	1.848934	0.864002	0.864002	0x00DD2F4
1894	1.849910	0.864117	0.864117	0x00DD36C
1895	1.850887	0.864231	0.864231	0x00DD3E4
1896	1.851864	0.864346	0.864346	0x00DD45C
1897	1.852841	0.864460	0.864460	0x00DD4D4
1898	1.853817	0.864575	0.864574	0x00DD54C
1899	1.854794	0.864689	0.864689	0x00DD5C4
1900	1.855771	0.864803	0.864803	0x00DD63C
1901	1.856748	0.864917	0.864918	0x00DD6B4
1902	1.857724	0.865031	0.865031	0x00DD72B
1903	1.858701	0.865145	0.865146	0x00DD7A3
1904	1.859678	0.865259	0.865259	0x00DD81A
1905	1.860654	0.865373	0.865374	0x00DD892
1906	1.861631	0.865487	0.865487	0x00DD909
1907	1.862608	0.865601	0.865601	0x00DD980
1908	1.863585	0.865714	0.865714	0x00DD9F7
1909	1.864561	0.865828	0.865828	0x00DDA6E
1910	1.865538	0.865941	0.865941	0x00DDAE5
1911	1.866515	0.866054	0.866055	0x00DDB5C
1912	1.867491	0.866168	0.866168	0x00DDBD3
1913	1.868468	0.866281	0.866281	0x00DDC49
1914	1.869445	0.866394	0.866394	0x00DDCC0
1915	1.870422	0.866507	0.866508	0x00DDD37
1916	1.871398	0.866620	0.866620	0x00DDDAD
1917	1.872375	0.866733	0.866733	0x00DDE23
1918	1.873352	0.866846	0.866846	0x00DDE9A
1919	1.874329	0.866958	0.866959	0x00DDF10
1920	1.875305	0.867071	0.867071	0x00DDF86
1921	1.876282	0.867183	0.867184	0x00DDFFC
1922	1.877259	0.867296	0.867296	0x00DE072
1923	1.878235	0.867408	0.867409	0x00DE0E8
1924	1.879212	0.867521	0.867520	0x00DE15D
1925	1.880189	0.867633	0.867633	0x00DE1D3
1926	1.881166	0.867745	0.867745	0x00DE249
1927	1.882142	0.867857	0.867857	0x00DE2BE
1928	1.883119	0.867969	0.867969	0x00DE333
1929	1.884096	0.868081	0.868081	0x00DE3A9
1930	1.885072	0.868193	0.868193	0x00DE41E
1931	1.886049	0.868304	0.868304	0x00DE493
1932	1.887026	0.868416	0.868416	0x00DE508
1933	1.888003	0.868528	0.868527	0x00DE57D
1934	1.888979	0.868639	0.868639	0x00DE5F2
1935	1.889956	0.868751	0.868751	0x00DE667
1936	1.890933	0.868862	0.868862	0x00DE6DC
1937	1.891909	0.868973	0.868973	0x00DE750
1938	1.892886	0.869084	0.869084	0x00DE7C5
1939	1.893863	0.869195	0.869195	0x00DE839
1940	1.894840	0.869306	0.869307	0x00DE8AE
1941	1.895816	0.869417	0.869417	0x00DE922
1942	1.896793	0.869528	0.869528	0x00DE996
1943	1.897770	0.869639	0.869638	0x00DEA0A
1944	1.898747	0.869750	0.869750	0x00DEA7F
1945	1.899723	0.869860	0.869861	0x00DEAF3
1946	1.900700	0.869971	0.869970	0x00DEB66
1947	1.901677	0.870081	0.870081	0x00DEBDA
1948	1.902653	0.870192	0.870192	0x00DEC4E
1949	1.903630	0.870302	0.870302	0x00DECC2
1950	1.904607	0.870412	0.870412	0x00DED35
1951	1.905584	0.870522	0.870522	0x00DEDA9
1952	1.906560	0.870632	0.870632	0x00DEE1C
1953	1.907537	0.870742	0.870742	0x00DEE8F
1954	1.908514	0.870852	0.870852	0x00DEF03
1955	1.909490	0.870962	0.870962	0x00DEF76
1956	1.910467	0.871072	0.871072	0x00DEFE9
1957	1.911444	0.871181	0.871181	0x00DF05C
1958	1.912421	0.871291	0.871291	0x00DF0CF
1959	1.913397	0.871400	0.871400	0x00DF141
1960	1.914374	0.871510	0.871510	0x00DF1B4
1961	1.915351	0.871619	0.871619	0x00DF227
1962	1.916328	0.871728	0.871728	0x00DF299
1963	1.917304	0.871838	0.871838	0x00DF30C
1964	1.918281	0.871947	0.871946	0x00DF37E
1965	1.919258	0.872056	0.872056	0x00DF3F1
1966	1.920234	0.872165	0.872165	0x00DF463
1967	1.921211	0.872273	0.872273	0x00DF4D5
1968	1.922188	0.872382	0.872382	0x00DF547
1969	1.923165	0.872491	0.872491	0x00DF5B9
1970	1.924141	0.872600	0.872600	0x00DF62B
1971	1.925118	0.872708	0.872708	0x00DF69D
1972	1.926095	0.872817	0.872816	0x00DF70E
1973	1.927071	0.872925	0.872925	0x00DF780
1974	1.928048	0.873033	0.873034	0x00DF7F2
1975	1.929025	0.873141	0.873141	0x00DF863
1976	1.930002	0.873250	0.873250	0x00DF8D5
1977	1.930978	0.873358	0.873358	0x00DF946
1978	1.931955	0.873466	0.873466	0x00DF9B7
1979	1.932932	0.873574	0.873573	0x00DFA28
1980	1.933909	0.873681	0.873681	0x00DFA99
1981	1.934885	0.873789	0.873789	0x00DFB0A
1982	1.935862	0.873897	0.873897	0x00DFB7B
1983	1.936839	0.874004	0.874004	0x00DFBEC
1984	1.937815	0.874112	0.874112	0x00DFC5D
1985	1.938792	0.874219	0.874219	0x00DFCCD
1986	1.939769	0.874327	0.874327	0x00DFD3E
1987	1.940746	0.874434	0.874434	0x00DFDAF
1988	1.941722	0.874541	0.874541	0x00DFE1F
1989	1.942699	0.874648	0.874648	0x00DFE8F
1990	1.943676	0.874755	0.874756	0x00DFF00
1991	1.944652	0.874862	0.874863	0x00DFF70
1992	1.945629	0.874969	0.874969	0x00DFFE0
1993	1.946606	0.875076	0.875076	0x00E0050
1994	1.947583	0.875183	0.875183	0x00E00C0
1995	1.948559	0.875289	0.875290	0x00E0130
1996	1.949536	0.875396	0.875396	0x00E019F
1997	1.950513	0.875503	0.875503	0x00E020F
1998	1.951490	0.875609	0.875609	0x00E027F
1999	1.952466	0.875715	0.875715	0x00E02EE
2000	1.953443	0.875822	0.875821	0x00E035D
2001	1.954420	0.875928	0.875928	0x00E03CD
2002	1.955396	0.876034	0.876034	0x00E043C
2003	1.956373	0.876140	0.876140	0x00E04AB
2004	1.957350	0.876246	0.876245	0x00E051A
2005	1.958327	0.876352	0.876351	0x00E0589
2006	1.959303	0.876458	0.876457	0x00E05F8
2007	1.960280	0.876563	0.876563	0x00E0667
2008	1.961257	0.876669	0.876669	0x00E06D6
2009	1.962233	0.876774	0.876775	0x00E0745
2010	1.963210	0.876880	0.876880	0x00E07B3
2011	1.964187	0.876985	0.876986	0x00E0822
2012	1.965164	0.877091	0.877090	0x00E0890
2013	1.966140	0.877196	0.877196	0x00E08FF
2014	1.967117	0.877301	0.877301	0x00E096D
2015	1.968094	0.877406	0.877406	0x00E09DB
2016	1.969070	0.877511	0.877511	0x00E0A49
2017	1.970047	0.877616	0.877616	0x00E0AB7
2018	1.971024	0.877721	0.877721	0x00E0B25
2019	1.972001	0.877826	0.877826	0x00E0B93
2020	1.972977	0.877931	0.877931	0x00E0C01
2021	1.973954	0.878035	0.878036	0x00E0C6F
2022	1.974931	0.878140	0.878139	0x00E0CDC
2023	1.975908	0.878244	0.878244	0x00E0D4A
2024	1.976884	0.878349	0.878348	0x00E0DB7
2025	1.977861	0.878453	0.878453	0x00E0E25
2026	1.978838	0.878557	0.878557	0x00E0E92
2027	1.979814	0.878661	0.878661	0x00E0EFF
2028	1.980791	0.878765	0.878765	0x00E0F6C
2029	1.981768	0.878869	0.878869	0x00E0FD9
2030	1.982745	0.878973	0.878973	0x00E1046
2031	1.983721	0.879077	0.879077	0x00E10B3
2032	1.984698	0.879181	0.879181	0x00E1120
2033	1.985675	0.879285	0.879285	0x00E118D
2034	1.986651	0.879388	0.879389	0x00E11FA
2035	1.987628	0.879492	0.879492	0x00E1266
2036	1.988605	0.879595	0.879596	0x00E12D3
2037	1.989582	0.879699	0.879699	0x00E133F
2038	1.990558	0.879802	0.879802	0x00E13AB
2039	1.991535	0.879905	0.879906	0x00E1418
2040	1.992512	0.880009	0.880009	0x00E1484
2041	1.993489	0.880112	0.880112	0x00E14F0
2042	1.994465	0.880215	0.880215	0x00E155C
2043	1.995442	0.880318	0.880318	0x00E15C8
2044	1.996419	0.880421	0.880421	0x00E1634
2045	1.997395	0.880523	0.880524	0x00E16A0
2046	1.998372	0.880626	0.880626	0x00E170B
2047	1.999349	0.880729	0.880729	0x00E1777
2048	2.000326	0.880831	0.880832	0x00E17E3
2049	2.001302	0.880934	0.880934	0x00E184E
2050	2.002279	0.881036	0.881036	0x00E18B9
2051	2.003256	0.881138	0.881139	0x00E1925
2052	2.004232	0.881241	0.881241	0x00E1990
2053	2.005209	0.881343	0.881343	0x00E19FB
2054	2.006186	0.881445	0.881445	0x00E1A66
2055	2.007163	0.881547	0.881547	0x00E1AD1
2056	2.008139	0.881649	0.881649	0x00E1B3C
2057	2.009116	0.881751	0.881751	0x00E1BA7
2058	2.010093	0.881853	0.881853	0x00E1C12
2059	2.011070	0.881954	0.881954	0x00E1C7C
2060	2.012046	0.882056	0.882056	0x00E1CE7
2061	2.013023	0.882158	0.882157	0x00E1D51
2062	2.014000	0.882259	0.882259	0x00E1DBC
2063	2.014976	0.882361	0.882360	0x00E1E26
2064	2.015953	0.882462	0.882462	0x00E1E90
2065	2.016930	0.882563	0.882564	0x00E1EFB
2066	2.017907	0.882664	0.882665	0x00E1F65
2067	2.018883	0.882765	0.882766	0x00E1FCF
2068	2.019860	0.882867	0.882867	0x00E2039
2069	2.020837	0.882968	0.882968	0x00E20A3
2070	2.021813	0.883068	0.883068	0x00E210C
2071	2.022790	0.883169	0.883169	0x00E2176
2072	2.023767	0.883270	0.883270	0x00E21E0
2073	2.024744	0.883371	0.883370	0x00E2249
2074	2.025720	0.883471	0.883471	0x00E22B3
2075	2.026697	0.883572	0.883572	0x00E231C
2076	2.027674	0.883672	0.883672	0x00E2385
2077	2.028650	0.883773	0.883773	0x00E23EF
2078	2.029627	0.883873	0.883873	0x00E2458
2079	2.030604	0.883973	0.883973	0x00E24C1
2080	2.031581	0.884073	0.884073	0x00E252A
2081	2.032557	0.884173	0.884173	0x00E2593
2082	2.033534	0.884273	0.884274	0x00E25FC
2083	2.034511	0.884373	0.884373	0x00E2664
2084	2.035488	0.884473	0.884473	0x00E26CD
2085	2.036464	0.884573	0.884573	0x00E2736
2086	2.037441	0.884672	0.884672	0x00E279E
2087	2.038418	0.884772	0.884772	0x00E2807
2088	2.039394	0.884872	0.884871	0x00E286F
2089	2.040371	0.884971	0.884971	0x00E28D7
2090	2.041348	0.885070	0.885071	0x00E2940
2091	2.042325	0.885170	0.885170	0x00E29A8
2092	2.043301	0.885269	0.885269	0x00E2A10
2093	2.044278	0.885368	0.885368	0x00E2A78
2094	2.045255	0.885467	0.885468	0x00E2AE0
2095	2.046231	0.885566	0.885567	0x00E2B48
2096	2.047208	0.885665	0.885665	0x00E2BAF
2097	2.048185	0.885764	0.885764	0x00E2C17
2098	2.049162	0.885863	0.885863	0x00E2C7F
2099	2.050138	0.885962	0.885962	0x00E2CE6
2100	2.051115	0.886060	0.886061	0x00E2D4E
2101	2.052092	0.886159	0.886159	0x00E2DB5
2102	2.053069	0.886257	0.886257	0x00E2E1C
2103	2.054045	0.886356	0.886355	0x00E2E83
2104	2.055022	0.886454	0.886454	0x00E2EEA
2105	2.055999	0.886552	0.886553	0x00E2F52
2106	2.056975	0.886651	0.886650	0x00E2FB8
2107	2.057952	0.886749	0.886748	0x00E301F
2108	2.058929	0.886847	0.886847	0x00E3086
2109	2.059906	0.886945	0.886945	0x00E30ED
2110	2.060882	0.887043	0.887043	0x00E3154
2111	2.061859	0.887140	0.887140	0x00E31BA
2112	2.062836	0.887238	0.887239	0x00E3221
2113	2.063812	0.887336	0.887336	0x00E3287
2114	2.064789	0.887433	0.887433	0x00E32ED
2115	2.065766	0.887531	0.887531	0x00E3354
2116	2.066743	0.887628	0.887629	0x00E33BA
2117	2.067719	0.887726	0.887726	0x00E3420
2118	2.068696	0.887823	0.887823	0x00E3486
2119	2.069673	0.887920	0.887920	0x00E34EC
2120	2.070650	0.888018	0.888018	0x00E3552
2121	2.071626	0.888115	0.888115	0x00E35B8
2122	2.072603	0.888212	0.888211	0x00E361D
2123	2.073580	0.888309	0.888309	0x00E3683
2124	2.074556	0.888405	0.888406	0x00E36E9
2125	2.075533	0.888502	0.888502	0x00E374E
2126	2.076510	0.888599	0.888599	0x00E37B4
2127	2.077487	0.888696	0.888696	0x00E3819
2128	2.078463	0.888792	0.888792	0x00E387E
2129	2.079440	0.888889	0.888888	0x00E38E3
2130	2.080417	0.888985	0.888986	0x00E3949
2131	2.081393	0.889082	0.889082	0x00E39AE
2132	2.082370	0.889178	0.889178	0x00E3A13
2133	2.083347	0.889274	0.889274	0x00E3A77
2134	2.084324	0.889370	0.889370	0x00E3ADC
2135	2.085300	0.889466	0.889466	0x00E3B41
2136	2.086277	0.889562	0.889563	0x00E3BA6
2137	2.087254	0.889658	0.889658	0x00E3C0A
2138	2.088231	0.889754	0.889754	0x00E3C6F
2139	2.089207	0.889850	0.889850	0x00E3CD3
2140	2.090184	0.889945	0.889945	0x00E3D37
2141	2.091161	0.890041	0.890041	0x00E3D9C
2142	2.092137	0.890137	0.890137	0x00E3E00
2143	2.093114	0.890232	0.890232	0x00E3E64
2144	2.094091	0.890328	0.890327	0x00E3EC8
2145	2.095068	0.890423	0.890423	0x00E3F2C
2146	2.096044	0.890518	0.890518	0x00E3F90
2147	2.097021	0.890613	0.890614	0x00E3FF4
2148	2.097998	0.890708	0.890708	0x00E4057
2149	2.098974	0.890803	0.890803	0x00E40BB
2150	2.099951	0.890898	0.890899	0x00E411F
2151	2.100928	0.890993	0.890993	0x00E4182
2152	2.101905	0.891088	0.891088	0x00E41E6
2153	2.102881	0.891183	0.891183	0x00E4249
2154	2.103858	0.891278	0.891277	0x00E42AC
2155	2.104835	0.891372	0.891373	0x00E4310
2156	2.105811	0.891467	0.891467	0x00E4373
2157	2.106788	0.891561	0.891562	0x00E43D6
2158	2.107765	0.891656	0.891656	0x00E4439
2159	2.108742	0.891750	0.891750	0x00E449C
2160	2.109718	0.891844	0.891844	0x00E44FE
2161	2.110695	0.891938	0.891938	0x00E4561
2162	2.111672	0.892032	0.892033	0x00E45C4
2163	2.112649	0.892126	0.892126	0x00E4626
2164	2.113625	0.892220	0.892220	0x00E4689
2165	2.114602	0.892314	0.892314	0x00E46EB
2166	2.115579	0.892408	0.892408	0x00E474E
2167	2.116555	0.892502	0.892502	0x00E47B0
2168	2.117532	0.892596	0.892595	0x00E4812
2169	2.118509	0.892689	0.892689	0x00E4874
2170	2.119486	0.892783	0.892783	0x00E48D7
2171	2.120462	0.892876	0.892877	0x00E4939
2172	2.121439	0.892970	0.892969	0x00E499A
2173	2.122416	0.893063	0.893063	0x00E49FC
2174	2.123392	0.893156	0.893156	0x00E4A5E
2175	2.124369	0.893249	0.893250	0x00E4AC0
2176	2.125346	0.893342	0.893342	0x00E4B21
2177	2.126323	0.893435	0.893435	0x00E4B83
2178	2.127299	0.893528	0.893528	0x00E4BE4
2179	2.128276	0.893621	0.893621	0x00E4C46
2180	2.129253	0.893714	0.893714	0x00E4CA7
2181	2.130230	0.893807	0.893806	0x00E4D08
2182	2.131206	0.893899	0.893900	0x00E4D6A
2183	2.132183	0.893992	0.893992	0x00E4DCB
2184	2.133160	0.894085	0.894085	0x00E4E2C
2185	2.134136	0.894177	0.894177	0x00E4E8D
2186	2.135113	0.894269	0.894269	0x00E4EED
2187	2.136090	0.894362	0.894361	0x00E4F4E
2188	2.137067	0.894454	0.894454	0x00E4FAF
2189	2.138043	0.894546	0.894547	0x00E5010
2190	2.139020	0.894638	0.894638	0x00E5070
2191	2.139997	0.894730	0.894731	0x00E50D1
2192	2.140973	0.894822	0.894822	0x00E5131
2193	2.141950	0.894914	0.894915	0x00E5192
2194	2.142927	0.895006	0.895006	0x00E51F2
2195	2.143904	0.895098	0.895098	0x00E5252
2196	2.144880	0.895189	0.895189	0x00E52B2
2197	2.145857	0.895281	0.895281	0x00E5312
2198	2.146834	0.895373	0.895372	0x00E5372
2199	2.147811	0.895464	0.895464	0x00E53D2
2200	2.148787	0.895555	0.895555	0x00E5432
2201	2.149764	0.895647	0.895647	0x00E5492
2202	2.150741	0.895738	0.895738	0x00E54F1
2203	2.151717	0.895829	0.895829	0x00E5551
2204	2.152694	0.895920	0.895920	0x00E55B0
2205	2.153671	0.896011	0.896011	0x00E5610
2206	2.154648	0.896102	0.896102	0x00E566F
2207	2.155624	0.896193	0.896194	0x00E56CF
2208	2.156601	0.896284	0.896284	0x00E572E
2209	2.157578	0.896375	0.896375	0x00E578D
2210	2.158554	0.896465	0.896465	0x00E57EC
2211	2.159531	0.896556	0.896556	0x00E584B
2212	2.160508	0.896647	0.896646	0x00E58AA
2213	2.161485	0.896737	0.896737	0x00E5909
2214	2.162461	0.896828	0.896828	0x00E5968
2215	2.163438	0.896918	0.896918	0x00E59C7
2216	2.164415	0.897008	0.897008	0x00E5A25
2217	2.165392	0.897098	0.897099	0x00E5A84
2218	2.166368	0.897188	0.897188	0x00E5AE2
2219	2.167345	0.897279	0.897279	0x00E5B41
2220	2.168322	0.897368	0.897368	0x00E5B9F
2221	2.169298	0.897458	0.897458	0x00E5BFD
2222	2.170275	0.897548	0.897549	0x00E5C5C
2223	2.171252	0.897638	0.897638	0x00E5CBA
2224	2.172229	0.897728	0.897728	0x00E5D18
2225	2.173205	0.897817	0.897818	0x00E5D76
2226	2.174182	0.897907	0.897907	0x00E5DD4
2227	2.175159	0.897996	0.897997	0x00E5E32
2228	2.176135	0.898086	0.898086	0x00E5E8F
2229	2.177112	0.898175	0.898175	0x00E5EED
2230	2.178089	0.898265	0.898265	0x00E5F4B
2231	2.179066	0.898354	0.898354	0x00E5FA8
2232	2.180042	0.898443	0.898443	0x00E6006
2233	2.181019	0.898532	0.898532	0x00E6063
2234	2.181996	0.898621	0.898621	0x00E60C0
2235	2.182972	0.898710	0.898710	0x00E611E
2236	2.183949	0.898799	0.898799	0x00E617B
2237	2.184926	0.898888	0.898888	0x00E61D8
2238	2.185903	0.898976	0.898976	0x00E6235
2239	2.186879	0.899065	0.899065	0x00E6292
2240	2.187856	0.899154	0.899154	0x00E62EF
2241	2.188833	0.899242	0.899242	0x00E634C
2242	2.189810	0.899331	0.899331	0x00E63A9
2243	2.190786	0.899419	0.899419	0x00E6405
2244	2.191763	0.899507	0.899508	0x00E6462
2245	2.192740	0.899596	0.899595	0x00E64BE
2246	2.193716	0.899684	0.899684	0x00E651B
2247	2.194693	0.899772	0.899772	0x00E6577
2248	2.195670	0.899860	0.899860	0x00E65D4
2249	2.196647	0.899948	0.899948	0x00E6630
2250	2.197623	0.900036	0.900036	0x00E668C
2251	2.198600	0.900124	0.900124	0x00E66E8
2252	2.199577	0.900211	0.900211	0x00E6744
2253	2.200553	0.900299	0.900299	0x00E67A0
2254	2.201530	0.900387	0.900387	0x00E67FC
2255	2.202507	0.900474	0.900475	0x00E6858
2256	2.203484	0.900562	0.900562	0x00E68B4
2257	2.204460	0.900649	0.900649	0x00E690F
2258	2.205437	0.900737	0.900737	0x00E696B
2259	2.206414	0.900824	0.900824	0x00E69C6
2260	2.207391	0.900911	0.900911	0x00E6A22
2261	2.208367	0.900998	0.900998	0x00E6A7D
2262	2.209344	0.901085	0.901086	0x00E6AD9
2263	2.210321	0.901172	0.901173	0x00E6B34
2264	2.211297	0.901259	0.901259	0x00E6B8F
2265	2.212274	0.901346	0.901346	0x00E6BEA
2266	2.213251	0.901433	0.901433	0x00E6C45
2267	2.214228	0.901520	0.901520	0x00E6CA0
2268	2.215204	0.901607	0.901607	0x00E6CFB
2269	2.216181	0.901693	0.901693	0x00E6D56
2270	2.217158	0.901780	0.901780	0x00E6DB1
2271	2.218134	0.901866	0.901866	0x00E6E0B
2272	2.219111	0.901953	0.901953	0x00E6E66
2273	2.220088	0.902039	0.902039	0x00E6EC0
2274	2.221065	0.902125	0.902125	0x00E6F1B
2275	2.222041	0.902211	0.902211	0x00E6F75
2276	2.223018	0.902298	0.902298	0x00E6FD0
2277	2.223995	0.902384	0.902384	0x00E702A
2278	2.224972	0.902470	0.902470	0x00E7084
2279	2.225948	0.902556	0.902555	0x00E70DE
2280	2.226925	0.902641	0.902641	0x00E7138
2281	2.227902	0.902727	0.902727	0x00E7192
2282	2.228878	0.902813	0.902813	0x00E71EC
2283	2.229855	0.902899	0.902899	0x00E7246
2284	2.230832	0.902984	0.902985	0x00E72A0
2285	2.231809	0.903070	0.903069	0x00E72F9
2286	2.232785	0.903155	0.903155	0x00E7353
2287	2.233762	0.903241	0.903240	0x00E73AC
2288	2.234739	0.903326	0.903326	0x00E7406
2289	2.235715	0.903411	0.903411	0x00E745F
2290	2.236692	0.903496	0.903497	0x00E74B9
2291	2.237669	0.903582	0.903582	0x00E7512
2292	2.238646	0.903667	0.903666	0x00E756B
2293	2.239622	0.903752	0.903751	0x00E75C4
2294	2.240599	0.903837	0.903836	0x00E761D
2295	2.241576	0.903921	0.903921	0x00E7676
2296	2.242552	0.904006	0.904006	0x00E76CF
2297	2.243529	0.904091	0.904091	0x00E7728
2298	2.244506	0.904176	0.904176	0x00E7781
2299	2.245483	0.904260	0.904261	0x00E77DA
2300	2.246459	0.904345	0.904345	0x00E7832
2301	2.247436	0.904429	0.904429	0x00E788B
2302	2.248413	0.904514	0.904513	0x00E78E3
2303	2.249390	0.904598	0.904598	0x00E793C
2304	2.250366	0.904682	0.904682	0x00E7994
2305	2.251343	0.904766	0.904766	0x00E79EC
2306	2.252320	0.904850	0.904850	0x00E7A44
2307	2.253296	0.904934	0.904935	0x00E7A9D
2308	2.254273	0.905018	0.905019	0x00E7AF5
2309	2.255250	0.905102	0.905103	0x00E7B4D
2310	2.256227	0.905186	0.905187	0x00E7BA5
2311	2.257203	0.905270	0.905270	0x00E7BFC
2312	2.258180	0.905354	0.905354	0x00E7C54
2313	2.259157	0.905437	0.905437	0x00E7CAC
2314	2.260133	0.905521	0.905521	0x00E7D04
2315	2.261110	0.905605	0.905604	0x00E7D5B
2316	2.262087	0.905688	0.905688	0x00E7DB3
2317	2.263064	0.905771	0.905771	0x00E7E0A
2318	2.264040	0.905855	0.905855	0x00E7E62
2319	2.265017	0.905938	0.905938	0x00E7EB9
2320	2.265994	0.906021	0.906021	0x00E7F10
2321	2.266971	0.906104	0.906104	0x00E7F67
2322	2.267947	0.906187	0.906187	0x00E7FBE
2323	2.268924	0.906270	0.906270	0x00E8015
2324	2.269901	0.906353	0.906353	0x00E806C
2325	2.270877	0.906436	0.906436	0x00E80C3
2326	2.271854	0.906519	0.906519	0x00E811A
2327	2.272831	0.906602	0.906602	0x00E8171
2328	2.273808	0.906684	0.906685	0x00E81C8
2329	2.274784	0.906767	0.906767	0x00E821E
2330	2.275761	0.906850	0.906850	0x00E8275
2331	2.276738	0.906932	0.906932	0x00E82CB
2332	2.277714	0.907014	0.907015	0x00E8322
2333	2.278691	0.907097	0.907097	0x00E8378
2334	2.279668	0.907179	0.907179	0x00E83CE
2335	2.280645	0.907261	0.907261	0x00E8424
2336	2.281621	0.907343	0.907344	0x00E847B
2337	2.282598	0.907426	0.907426	0x00E84D1
2338	2.283575	0.907508	0.907508	0x00E8527
2339	2.284552	0.907589	0.907590	0x00E857D
2340	2.285528	0.907671	0.907671	0x00E85D2
2341	2.286505	0.907753	0.907753	0x00E8628
2342	2.287482	0.907835	0.907835	0x00E867E
2343	2.288458	0.907917	0.907917	0x00E86D4
2344	2.289435	0.907998	0.907998	0x00E8729
2345	2.290412	0.908080	0.908080	0x00E877F
2346	2.291389	0.908161	0.908161	0x00E87D4
2347	2.292365	0.908243	0.908243	0x00E882A
2348	2.293342	0.908324	0.908324	0x00E887F
2349	2.294319	0.908405	0.908405	0x00E88D4
2350	2.295295	0.908487	0.908486	0x00E8929
2351	2.296272	0.908568	0.908567	0x00E897E
2352	2.297249	0.908649	0.908648	0x00E89D3
2353	2.298226	0.908730	0.908730	0x00E8A28
2354	2.299202	0.908811	0.908811	0x00E8A7D
2355	2.300179	0.908892	0.908892	0x00E8AD2
2356	2.301156	0.908973	0.908973	0x00E8B27
2357	2.302133	0.909053	0.909054	0x00E8B7C
2358	2.303109	0.909134	0.909134	0x00E8BD0
2359	2.304086	0.909215	0.909215	0x00E8C25
2360	2.305063	0.909295	0.909295	0x00E8C79
2361	2.306039	0.909376	0.909376	0x00E8CCE
2362	2.307016	0.909456	0.909456	0x00E8D22
2363	2.307993	0.909537	0.909537	0x00E8D77
2364	2.308970	0.909617	0.909617	0x00E8DCB
2365	2.309946	0.909697	0.909698	0x00E8E1F
2366	2.310923	0.909778	0.909778	0x00E8E73
2367	2.311900	0.909858	0.909858	0x00E8EC7
2368	2.312876	0.909938	0.909938	0x00E8F1B
2369	2.313853	0.910018	0.910018	0x00E8F6F
2370	2.314830	0.910098	0.910098	0x00E8FC3
2371	2.315807	0.910178	0.910177	0x00E9016
2372	2.316783	0.910258	0.910257	0x00E906A
2373	2.317760	0.910337	0.910337	0x00E90BE
2374	2.318737	0.910417	0.910417	0x00E9111
2375	2.319713	0.910497	0.910497	0x00E9165
2376	2.320690	0.910576	0.910576	0x00E91B8
2377	2.321667	0.910656	0.910656	0x00E920C
2378	2.322644	0.910735	0.910735	0x00E925F
2379	2.323620	0.910814	0.910814	0x00E92B2
2380	2.324597	0.910894	0.910893	0x00E9305
2381	2.325574	0.910973	0.910973	0x00E9358
2382	2.326551	0.911052	0.911052	0x00E93AB
2383	2.327527	0.911131	0.911131	0x00E93FE
2384	2.328504	0.911210	0.911210	0x00E9451
2385	2.329481	0.911289	0.911289	0x00E94A4
2386	2.330457	0.911368	0.911368	0x00E94F7
2387	2.331434	0.911447	0.911448	0x00E954A
2388	2.332411	0.911526	0.911526	0x00E959C
2389	2.333388	0.911605	0.911605	0x00E95EF
2390	2.334364	0.911683	0.911683	0x00E9641
2391	2.335341	0.911762	0.911762	0x00E9694
2392	2.336318	0.911841	0.911840	0x00E96E6
2393	2.337294	0.911919	0.911919	0x00E9738
2394	2.338271	0.911997	0.911998	0x00E978B
2395	2.339248	0.912076	0.912076	0x00E97DD
2396	2.340225	0.912154	0.912154	0x00E982F
2397	2.341201	0.912232	0.912232	0x00E9881
2398	2.342178	0.912310	0.912311	0x00E98D3
2399	2.343155	0.912389	0.912389	0x00E9925
2400	2.344132	0.912467	0.912467	0x00E9977
2401	2.345108	0.912545	0.912544	0x00E99C8
2402	2.346085	0.912623	0.912622	0x00E9A1A
2403	2.347062	0.912700	0.912701	0x00E9A6C
2404	2.348038	0.912778	0.912778	0x00E9ABD
2405	2.349015	0.912856	0.912856	0x00E9B0F
2406	2.349992	0.912934	0.912933	0x00E9B60
2407	2.350969	0.913011	0.913012	0x00E9BB2
2408	2.351945	0.913089	0.913089	0x00E9C03
2409	2.352922	0.913166	0.913166	0x00E9C54
2410	2.353899	0.913244	0.913243	0x00E9CA5
2411	2.354875	0.913321	0.913321	0x00E9CF6
2412	2.355852	0.913398	0.913399	0x00E9D48
2413	2.356829	0.913475	0.913475	0x00E9D98
2414	2.357806	0.913553	0.913552	0x00E9DE9
2415	2.358782	0.913630	0.913630	0x00E9E3A
2416	2.359759	0.913707	0.913707	0x00E9E8B
2417	2.360736	0.913784	0.913784	0x00E9EDC
2418	2.361713	0.913861	0.913860	0x00E9F2C
2419	2.362689	0.913938	0.913938	0x00E9F7D
2420	2.363666	0.914014	0.914015	0x00E9FCE
2421	2.364643	0.914091	0.914091	0x00EA01E
2422	2.365619	0.914168	0.914167	0x00EA06E
2423	2.366596	0.914244	0.914245	0x00EA0BF
2424	2.367573	0.914321	0.914321	0x00EA10F
2425	2.368550	0.914397	0.914397	0x00EA15F
2426	2.369526	0.914474	0.914474	0x00EA1AF
2427	2.370503	0.914550	0.914550	0x00EA1FF
2428	2.371480	0.914626	0.914626	0x00EA24F
2429	2.372456	0.914703	0.914702	0x00EA29F
2430	2.373433	0.914779	0.914779	0x00EA2EF
2431	2.374410	0.914855	0.914855	0x00EA33F
2432	2.375387	0.914931	0.914931	0x00EA38F
2433	2.376363	0.915007	0.915007	0x00EA3DE
2434	2.377340	0.915083	0.915083	0x00EA42E
2435	2.378317	0.915159	0.915159	0x00EA47E
2436	2.379294	0.915235	0.915235	0x00EA4CD
2437	2.380270	0.915310	0.915311	0x00EA51D
2438	2.381247	0.915386	0.915386	0x00EA56C
2439	2.382224	0.915462	0.915462	0x00EA5BB
2440	2.383200	0.915537	0.915537	0x00EA60A
2441	2.384177	0.915613	0.915613	0x00EA65A
2442	2.385154	0.915688	0.915689	0x00EA6A9
2443	2.386131	0.915764	0.915764	0x00EA6F8
2444	2.387107	0.915839	0.915839	0x00EA747
2445	2.388084	0.915914	0.915915	0x00EA796
2446	2.389061	0.915989	0.915989	0x00EA7E4
2447	2.390037	0.916064	0.916064	0x00EA833
2448	2.391014	0.916140	0.916140	0x00EA882
2449	2.391991	0.916215	0.916215	0x00EA8D1
2450	2.392968	0.916289	0.916289	0x00EA91F
2451	2.393944	0.916364	0.916365	0x00EA96E
2452	2.394921	0.916439	0.916439	0x00EA9BC
2453	2.395898	0.916514	0.916514	0x00EAA0B
2454	2.396874	0.916589	0.916589	0x00EAA59
2455	2.397851	0.916663	0.916663	0x00EAAA7
2456	2.398828	0.916738	0.916738	0x00EAAF5
2457	2.399805	0.916812	0.916812	0x00EAB43
2458	2.400781	0.916887	0.916887	0x00EAB92
2459	2.401758	0.916961	0.916962	0x00EABE0
2460	2.402735	0.917036	0.917036	0x00EAC2E
2461	2.403712	0.917110	0.917109	0x00EAC7B
2462	2.404688	0.917184	0.917184	0x00EACC9
2463	2.405665	0.917258	0.917258	0x00EAD17
2464	2.406642	0.917332	0.917333	0x00EAD65
2465	2.407618	0.917406	0.917406	0x00EADB2
2466	2.408595	0.917480	0.917480	0x00EAE00
2467	2.409572	0.917554	0.917554	0x00EAE4D
2468	2.410549	0.917628	0.917628	0x00EAE9B
2469	2.411525	0.917702	0.917702	0x00EAEE8
2470	2.412502	0.917776	0.917776	0x00EAF36
2471	2.413479	0.917849	0.917850	0x00EAF83
2472	2.414455	0.917923	0.917923	0x00EAFD0
2473	2.415432	0.917997	0.917996	0x00EB01D
2474	2.416409	0.918070	0.918070	0x00EB06A
2475	2.417386	0.918143	0.918143	0x00EB0B7
2476	2.418362	0.918217	0.918217	0x00EB104
2477	2.419339	0.918290	0.918290	0x00EB151
2478	2.420316	0.918363	0.918364	0x00EB19E
2479	2.421293	0.918437	0.918437	0x00EB1EB
2480	2.422269	0.918510	0.918509	0x00EB237
2481	2.423246	0.918583	0.918583	0x00EB284
2482	2.424223	0.918656	0.918655	0x00EB2D0
2483	2.425199	0.918729	0.918729	0x00EB31D
2484	2.426176	0.918802	0.918801	0x00EB369
2485	2.427153	0.918875	0.918875	0x00EB3B6
2486	2.428130	0.918947	0.918947	0x00EB402
2487	2.429106	0.919020	0.919020	0x00EB44E
2488	2.430083	0.919093	0.919093	0x00EB49B
2489	2.431060	0.919165	0.919166	0x00EB4E7
2490	2.432036	0.919238	0.919238	0x00EB533
2491	2.433013	0.919310	0.919311	0x00EB57F
2492	2.433990	0.919383	0.919383	0x00EB5CB
2493	2.434967	0.919455	0.919456	0x00EB617
2494	2.435943	0.919527	0.919527	0x00EB662
2495	2.436920	0.919600	0.919600	0x00EB6AE
2496	2.437897	0.919672	0.919672	0x00EB6FA
2497	2.438874	0.919744	0.919744	0x00EB745
2498	2.439850	0.919816	0.919816	0x00EB791
2499	2.440827	0.919888	0.919888	0x00EB7DD
2500	2.441804	0.919960	0.919960	0x00EB828
2501	2.442780	0.920032	0.920032	0x00EB873
2502	2.443757	0.920104	0.920104	0x00EB8BF
2503	2.444734	0.920175	0.920176	0x00EB90A
2504	2.445711	0.920247	0.920247	0x00EB955
2505	2.446687	0.920319	0.920319	0x00EB9A0
2506	2.447664	0.920390	0.920390	0x00EB9EB
2507	2.448641	0.920462	0.920462	0x00EBA36
2508	2.449617	0.920533	0.920533	0x00EBA81
2509	2.450594	0.920605	0.920605	0x00EBACC
2510	2.451571	0.920676	0.920676	0x00EBB17
2511	2.452548	0.920748	0.920748	0x00EBB62
2512	2.453524	0.920819	0.920818	0x00EBBAC
2513	2.454501	0.920890	0.920890	0x00EBBF7
2514	2.455478	0.920961	0.920961	0x00EBC42
2515	2.456455	0.921032	0.921032	0x00EBC8C
2516	2.457431	0.921103	0.921103	0x00EBCD7
2517	2.458408	0.921174	0.921174	0x00EBD21
2518	2.459385	0.921245	0.921245	0x00EBD6B
2519	2.460361	0.921316	0.921316	0x00EBDB6
2520	2.461338	0.921387	0.921387	0x00EBE00
2521	2.462315	0.921457	0.921457	0x00EBE4A
2522	2.463292	0.921528	0.921528	0x00EBE94
2523	2.464268	0.921599	0.921598	0x00EBEDE
2524	2.465245	0.921669	0.921669	0x00EBF28
2525	2.466222	0.921740	0.921740	0x00EBF72
2526	2.467198	0.921810	0.921810	0x00EBFBC
2527	2.468175	0.921880	0.921881	0x00EC006
2528	2.469152	0.921951	0.921950	0x00EC04F
2529	2.470129	0.922021	0.922021	0x00EC099
2530	2.471105	0.922091	0.922091	0x00EC0E3
2531	2.472082	0.922161	0.922161	0x00EC12C
2532	2.473059	0.922231	0.922232	0x00EC176
2533	2.474035	0.922301	0.922301	0x00EC1BF
2534	2.475012	0.922371	0.922372	0x00EC209
2535	2.475989	0.922441	0.922441	0x00EC252
2536	2.476966	0.922511	0.922511	0x00EC29B
2537	2.477942	0.922581	0.922581	0x00EC2E4
2538	2.478919	0.922651	0.922650	0x00EC32D
2539	2.479896	0.922720	0.922720	0x00EC376
2540	2.480873	0.922790	0.922790	0x00EC3BF
2541	2.481849	0.922860	0.922859	0x00EC408
2542	2.482826	0.922929	0.922929	0x00EC451
2543	2.483803	0.922998	0.922998	0x00EC49A
2544	2.484779	0.923068	0.923068	0x00EC4E3
2545	2.485756	0.923137	0.923138	0x00EC52C
2546	2.486733	0.923206	0.923206	0x00EC574
2547	2.487710	0.923276	0.923276	0x00EC5BD
2548	2.488686	0.923345	0.923345	0x00EC605
2549	2.489663	0.923414	0.923414	0x00EC64E
2550	2.490640	0.923483	0.923483	0x00EC696
2551	2.491616	0.923552	0.923552	0x00EC6DE
2552	2.492593	0.923621	0.923621	0x00EC727
2553	2.493570	0.923690	0.923690	0x00EC76F
2554	2.494547	0.923759	0.923759	0x00EC7B7
2555	2.495523	0.923827	0.923827	0x00EC7FF
2556	2.496500	0.923896	0.923896	0x00EC847
2557	2.497477	0.923965	0.923965	0x00EC88F
2558	2.498454	0.924033	0.924033	0x00EC8D7
2559	2.499430	0.924102	0.924102	0x00EC91F
2560	2.500407	0.924170	0.924170	0x00EC967
2561	2.501384	0.924239	0.924239	0x00EC9AF
2562	2.502360	0.924307	0.924307	0x00EC9F6
2563	2.503337	0.924375	0.924376	0x00ECA3E
2564	2.504314	0.924444	0.924443	0x00ECA85
2565	2.505291	0.924512	0.924512	0x00ECACD
2566	2.506267	0.924580	0.924580	0x00ECB14
2567	2.507244	0.924648	0.924648	0x00ECB5C
2568	2.508221	0.924716	0.924716	0x00ECBA3
2569	2.509197	0.924784	0.924784	0x00ECBEA
2570	2.510174	0.924852	0.924852	0x00ECC32
2571	2.511151	0.924920	0.924920	0x00ECC79
2572	2.512128	0.924988	0.924988	0x00ECCC0
2573	2.513104	0.925055	0.925056	0x00ECD07
2574	2.514081	0.925123	0.925123	0x00ECD4E
2575	2.515058	0.925191	0.925191	0x00ECD95
2576	2.516035	0.925258	0.925259	0x00ECDDC
2577	2.517011	0.925326	0.925325	0x00ECE22
2578	2.517988	0.925393	0.925393	0x00ECE69
2579	2.518965	0.925461	0.925461	0x00ECEB0
2580	2.519941	0.925528	0.925528	0x00ECEF6
2581	2.520918	0.925595	0.925595	0x00ECF3D
2582	2.521895	0.925663	0.925663	0x00ECF84
2583	2.522872	0.925730	0.925730	0x00ECFCA
2584	2.523848	0.925797	0.925797	0x00ED010
2585	2.524825	0.925864	0.925864	0x00ED057
2586	2.525802	0.925931	0.925931	0x00ED09D
2587	2.526778	0.925998	0.925998	0x00ED0E3
2588	2.527755	0.926065	0.926064	0x00ED129
2589	2.528732	0.926132	0.926131	0x00ED16F
2590	2.529709	0.926198	0.926198	0x00ED1B5
2591	2.530685	0.926265	0.926265	0x00ED1FB
2592	2.531662	0.926332	0.926332	0x00ED241
2593	2.532639	0.926398	0.926398	0x00ED287
2594	2.533615	0.926465	0.926465	0x00ED2CD
2595	2.534592	0.926532	0.926532	0x00ED313
2596	2.535569	0.926598	0.926598	0x00ED358
2597	2.536546	0.926664	0.926664	0x00ED39E
2598	2.537522	0.926731	0.926731	0x00ED3E4
2599	2.538499	0.926797	0.926797	0x00ED429
2600	2.539476	0.926863	0.926864	0x00ED46F
2601	2.540453	0.926929	0.926929	0x00ED4B4
2602	2.541429	0.926996	0.926995	0x00ED4F9
2603	2.542406	0.927062	0.927062	0x00ED53F
2604	2.543383	0.927128	0.927128	0x00ED584
2605	2.544359	0.927194	0.927194	0x00ED5C9
2606	2.545336	0.927260	0.927259	0x00ED60E
2607	2.546313	0.927325	0.927325	0x00ED653
2608	2.547290	0.927391	0.927391	0x00ED698
2609	2.548266	0.927457	0.927457	0x00ED6DD
2610	2.549243	0.927523	0.927523	0x00ED722
2611	2.550220	0.927588	0.927588	0x00ED767
2612	2.551196	0.927654	0.927654	0x00ED7AC
2613	2.552173	0.927719	0.927719	0x00ED7F0
2614	2.553150	0.927785	0.927785	0x00ED835
2615	2.554127	0.927850	0.927851	0x00ED87A
2616	2.555103	0.927916	0.927916	0x00ED8BE
2617	2.556080	0.927981	0.927981	0x00ED903
2618	2.557057	0.928046	0.928046	0x00ED947
2619	2.558034	0.928111	0.928111	0x00ED98B
2620	2.559010	0.928177	0.928177	0x00ED9D0
2621	2.559987	0.928242	0.928242	0x00EDA14
2622	2.560964	0.928307	0.928307	0x00EDA58
2623	2.561940	0.928372	0.928371	0x00EDA9C
2624	2.562917	0.928437	0.928436	0x00EDAE0
2625	2.563894	0.928501	0.928501	0x00EDB24
2626	2.564871	0.928566	0.928566	0x00EDB68
2627	2.565847	0.928631	0.928631	0x00EDBAC
2628	2.566824	0.928696	0.928696	0x00EDBF0
2629	2.567801	0.928760	0.928761	0x00EDC34
2630	2.568777	0.928825	0.928825	0x00EDC78
2631	2.569754	0.928889	0.928889	0x00EDCBB
2632	2.570731	0.928954	0.928954	0x00EDCFF
2633	2.571708	0.929018	0.929018	0x00EDD42
2634	2.572684	0.929083	0.929083	0x00EDD86
2635	2.573661	0.929147	0.929147	0x00EDDC9
2636	2.574638	0.929211	0.929212	0x00EDE0D
2637	2.575615	0.929276	0.929276	0x00EDE50
2638	2.576591	0.929340	0.929339	0x00EDE93
2639	2.577568	0.929404	0.929404	0x00EDED7
2640	2.578545	0.929468	0.929468	0x00EDF1A
2641	2.579521	0.929532	0.929532	0x00EDF5D
2642	2.580498	0.929596	0.929596	0x00EDFA0
2643	2.581475	0.929660	0.929660	0x00EDFE3
2644	2.582452	0.929724	0.929724	0x00EE026
2645	2.583428	0.929787	0.929788	0x00EE069
2646	2.584405	0.929851	0.929852	0x00EE0AC
2647	2.585382	0.929915	0.929914	0x00EE0EE
2648	2.586358	0.929978	0.929978	0x00EE131
2649	2.587335	0.930042	0.930042	0x00EE174
2650	2.588312	0.930106	0.930105	0x00EE1B6
2651	2.589289	0.930169	0.930169	0x00EE1F9
2652	2.590265	0.930232	0.930232	0x00EE23B
2653	2.591242	0.930296	0.930296	0x00EE27E
2654	2.592219	0.930359	0.930359	0x00EE2C0
2655	2.593196	0.930422	0.930423	0x00EE303
2656	2.594172	0.930486	0.930486	0x00EE345
2657	2.595149	0.930549	0.930549	0x00EE387
2658	2.596126	0.930612	0.930612	0x00EE3C9
2659	2.597102	0.930675	0.930675	0x00EE40B
2660	2.598079	0.930738	0.930737	0x00EE44D
2661	2.599056	0.930801	0.930800	0x00EE48F
2662	2.600033	0.930864	0.930863	0x00EE4D1
2663	2.601009	0.930927	0.930926	0x00EE513
2664	2.601986	0.930989	0.930989	0x00EE555
2665	2.602963	0.931052	0.931052	0x00EE597
2666	2.603939	0.931115	0.931115	0x00EE5D9
2667	2.604916	0.931177	0.931177	0x00EE61A
2668	2.605893	0.931240	0.931240	0x00EE65C
2669	2.606870	0.931302	0.931302	0x00EE69D
2670	2.607846	0.931365	0.931365	0x00EE6DF
2671	2.608823	0.931427	0.931427	0x00EE720
2672	2.609800	0.931490	0.931490	0x00EE762
2673	2.610776	0.931552	0.931552	0x00EE7A3
2674	2.611753	0.931614	0.931614	0x00EE7E4
2675	2.612730	0.931676	0.931676	0x00EE825
2676	2.613707	0.931739	0.931739	0x00EE867
2677	2.614683	0.931801	0.931801	0x00EE8A8
2678	2.615660	0.931863	0.931863	0x00EE8E9
2679	2.616637	0.931925	0.931925	0x00EE92A
2680	2.617614	0.931987	0.931987	0x00EE96B
2681	2.618590	0.932048	0.932049	0x00EE9AC
2682	2.619567	0.932110	0.932111	0x00EE9ED
2683	2.620544	0.932172	0.932172	0x00EEA2D
2684	2.621520	0.932234	0.932234	0x00EEA6E
2685	2.622497	0.932295	0.932296	0x00EEAAF
2686	2.623474	0.932357	0.932357	0x00EEAEF
2687	2.624451	0.932419	0.932419	0x00EEB30
2688	2.625427	0.932480	0.932480	0x00EEB70
2689	2.626404	0.932542	0.932542	0x00EEBB1
2690	2.627381	0.932603	0.932603	0x00EEBF1
2691	2.628357	0.932664	0.932665	0x00EEC32
2692	2.629334	0.932726	0.932726	0x00EEC72
2693	2.630311	0.932787	0.932787	0x00EECB2
2694	2.631288	0.932848	0.932848	0x00EECF2
2695	2.632264	0.932909	0.932909	0x00EED32
2696	2.633241	0.932971	0.932970	0x00EED72
2697	2.634218	0.933032	0.933032	0x00EEDB3
2698	2.635195	0.933093	0.933092	0x00EEDF2
2699	2.636171	0.933154	0.933153	0x00EEE32
2700	2.637148	0.933214	0.933214	0x00EEE72
2701	2.638125	0.933275	0.933275	0x00EEEB2
2702	2.639101	0.933336	0.933336	0x00EEEF2
2703	2.640078	0.933397	0.933397	0x00EEF32
2704	2.641055	0.933458	0.933457	0x00EEF71
2705	2.642032	0.933518	0.933518	0x00EEFB1
2706	2.643008	0.933579	0.933578	0x00EEFF0
2707	2.643985	0.933639	0.933640	0x00EF030
2708	2.644962	0.933700	0.933700	0x00EF06F
2709	2.645938	0.933760	0.933761	0x00EF0AF
2710	2.646915	0.933821	0.933821	0x00EF0EE
2711	2.647892	0.933881	0.933881	0x00EF12D
2712	2.648869	0.933941	0.933941	0x00EF16C
2713	2.649845	0.934001	0.934002	0x00EF1AC
2714	2.650822	0.934062	0.934062	0x00EF1EB
2715	2.651799	0.934122	0.934122	0x00EF22A
2716	2.652776	0.934182	0.934182	0x00EF269
2717	2.653752	0.934242	0.934242	0x00EF2A8
2718	2.654729	0.934302	0.934302	0x00EF2E7
2719	2.655706	0.934362	0.934361	0x00EF325
2720	2.656682	0.934422	0.934422	0x00EF364
2721	2.657659	0.934481	0.934482	0x00EF3A3
2722	2.658636	0.934541	0.934542	0x00EF3E2
2723	2.659613	0.934601	0.934601	0x00EF420
2724	2.660589	0.934661	0.934661	0x00EF45F
2725	2.661566	0.934720	0.934720	0x00EF49D
2726	2.662543	0.934780	0.934780	0x00EF4DC
2727	2.663519	0.934839	0.934839	0x00EF51A
2728	2.664496	0.934899	0.934898	0x00EF558
2729	2.665473	0.934958	0.934958	0x00EF597
2730	2.666450	0.935018	0.935018	0x00EF5D5
2731	2.667426	0.935077	0.935077	0x00EF613
2732	2.668403	0.935136	0.935136	0x00EF651
2733	2.669380	0.935195	0.935196	0x00EF690
2734	2.670357	0.935255	0.935255	0x00EF6CE
2735	2.671333	0.935314	0.935314	0x00EF70C
2736	2.672310	0.935373	0.935372	0x00EF749
2737	2.673287	0.935432	0.935431	0x00EF787
2738	2.674263	0.935491	0.935491	0x00EF7C5
2739	2.675240	0.935550	0.935550	0x00EF803
2740	2.676217	0.935609	0.935609	0x00EF841
2741	2.677194	0.935667	0.935667	0x00EF87E
2742	2.678170	0.935726	0.935726	0x00EF8BC
2743	2.679147	0.935785	0.935785	0x00EF8FA
2744	2.680124	0.935844	0.935843	0x00EF937
2745	2.681100	0.935902	0.935903	0x00EF975
2746	2.682077	0.935961	0.935961	0x00EF9B2
2747	2.683054	0.936019	0.936019	0x00EF9EF
2748	2.684031	0.936078	0.936078	0x00EFA2D
2749	2.685007	0.936136	0.936136	0x00EFA6A
2750	2.685984	0.936195	0.936194	0x00EFAA7
2751	2.686961	0.936253	0.936253	0x00EFAE4
2752	2.687937	0.936311	0.936311	0x00EFB21
2753	2.688914	0.936369	0.936369	0x00EFB5E
2754	2.689891	0.936427	0.936427	0x00EFB9B
2755	2.690868	0.936486	0.936485	0x00EFBD8
2756	2.691844	0.936544	0.936543	0x00EFC15
2757	2.692821	0.936602	0.936602	0x00EFC52
2758	2.693798	0.936660	0.936660	0x00EFC8F
2759	2.694775	0.936718	0.936718	0x00EFCCC
2760	2.695751	0.936775	0.936775	0x00EFD08
2761	2.696728	0.936833	0.936833	0x00EFD45
2762	2.697705	0.936891	0.936891	0x00EFD81
2763	2.698681	0.936949	0.936949	0x00EFDBE
2764	2.699658	0.937006	0.937006	0x00EFDFA
2765	2.700635	0.937064	0.937064	0x00EFE37
2766	2.701612	0.937122	0.937121	0x00EFE73
2767	2.702588	0.937179	0.937180	0x00EFEB0
2768	2.703565	0.937237	0.937237	0x00EFEEC
2769	2.704542	0.937294	0.937294	0x00EFF28
2770	2.705518	0.937351	0.937351	0x00EFF64
2771	2.706495	0.937409	0.937408	0x00EFFA0
2772	2.707472	0.937466	0.937466	0x00EFFDC
2773	2.708449	0.937523	0.937523	0x00F0018
2774	2.709425	0.937581	0.937580	0x00F0054
2775	2.710402	0.937638	0.937637	0x00F0090
2776	2.711379	0.937695	0.937695	0x00F00CC
2777	2.712356	0.937752	0.937752	0x00F0108
2778	2.713332	0.937809	0.937809	0x00F0144
2779	2.714309	0.937866	0.937865	0x00F017F
2780	2.715286	0.937923	0.937922	0x00F01BB
2781	2.716262	0.937979	0.937980	0x00F01F7
2782	2.717239	0.938036	0.938036	0x00F0232
2783	2.718216	0.938093	0.938093	0x00F026E
2784	2.719193	0.938150	0.938149	0x00F02A9
2785	2.720169	0.938206	0.938207	0x00F02E5
2786	2.721146	0.938263	0.938263	0x00F0320
2787	2.722123	0.938320	0.938319	0x00F035B
2788	2.723099	0.938376	0.938376	0x00F0397
2789	2.724076	0.938432	0.938433	0x00F03D2
2790	2.725053	0.938489	0.938489	0x00F040D
2791	2.726030	0.938545	0.938545	0x00F0448
2792	2.727006	0.938602	0.938601	0x00F0483
2793	2.727983	0.938658	0.938658	0x00F04BE
2794	2.728960	0.938714	0.938714	0x00F04F9
2795	2.729937	0.938770	0.938770	0x00F0534
2796	2.730913	0.938826	0.938827	0x00F056F
2797	2.731890	0.938882	0.938883	0x00F05AA
2798	2.732867	0.938938	0.938938	0x00F05E4
2799	2.733843	0.938994	0.938994	0x00F061F
2800	2.734820	0.939050	0.939051	0x00F065A
2801	2.735797	0.939106	0.939106	0x00F0694
2802	2.736774	0.939162	0.939162	0x00F06CF
2803	2.737750	0.939218	0.939218	0x00F0709
2804	2.738727	0.939274	0.939274	0x00F0744
2805	2.739704	0.939329	0.939329	0x00F077E
2806	2.740680	0.939385	0.939384	0x00F07B8
2807	2.741657	0.939440	0.939441	0x00F07F3
2808	2.742634	0.939496	0.939496	0x00F082D
2809	2.743611	0.939551	0.939551	0x00F0867
2810	2.744587	0.939607	0.939607	0x00F08A1
2811	2.745564	0.939662	0.939662	0x00F08DB
2812	2.746541	0.939718	0.939717	0x00F0915
2813	2.747517	0.939773	0.939773	0x00F094F
2814	2.748494	0.939828	0.939828	0x00F0989
2815	2.749471	0.939883	0.939883	0x00F09C3
2816	2.750448	0.939939	0.939939	0x00F09FD
2817	2.751424	0.939994	0.939994	0x00F0A37
2818	2.752401	0.940049	0.940049	0x00F0A71
2819	2.753378	0.940104	0.940104	0x00F0AAA
2820	2.754355	0.940159	0.940159	0x00F0AE4
2821	2.755331	0.940214	0.940214	0x00F0B1E
2822	2.756308	0.940269	0.940269	0x00F0B57
2823	2.757285	0.940323	0.940324	0x00F0B91
2824	2.758261	0.940378	0.940378	0x00F0BCA
2825	2.759238	0.940433	0.940433	0x00F0C03
2826	2.760215	0.940488	0.940488	0x00F0C3D
2827	2.761192	0.940542	0.940542	0x00F0C76
2828	2.762168	0.940597	0.940597	0x00F0CAF
2829	2.763145	0.940651	0.940652	0x00F0CE9
2830	2.764122	0.940706	0.940706	0x00F0D22
2831	2.765098	0.940760	0.940761	0x00F0D5B
2832	2.766075	0.940815	0.940815	0x00F0D94
2833	2.767052	0.940869	0.940869	0x00F0DCD
2834	2.768029	0.940924	0.940924	0x00F0E06
2835	2.769005	0.940978	0.940978	0x00F0E3F
2836	2.769982	0.941032	0.941032	0x00F0E78
2837	2.770959	0.941086	0.941086	0x00F0EB0
2838	2.771936	0.941140	0.941140	0x00F0EE9
2839	2.772912	0.941194	0.941195	0x00F0F22
2840	2.773889	0.941248	0.941248	0x00F0F5A
2841	2.774866	0.941302	0.941302	0x00F0F93
2842	2.775842	0.941356	0.941357	0x00F0FCC
2843	2.776819	0.941410	0.941410	0x00F1004
2844	2.777796	0.941464	0.941464	0x00F103D
2845	2.778773	0.941518	0.941518	0x00F1075
2846	2.779749	0.941572	0.941571	0x00F10AD
2847	2.780726	0.941625	0.941626	0x00F10E6
2848	2.781703	0.941679	0.941679	0x00F111E
2849	2.782679	0.941733	0.941732	0x00F1156
2850	2.783656	0.941786	0.941786	0x00F118E
2851	2.784633	0.941840	0.941840	0x00F11C7
2852	2.785610	0.941893	0.941894	0x00F11FF
2853	2.786586	0.941947	0.941947	0x00F1237
2854	2.787563	0.942000	0.942000	0x00F126F
2855	2.788540	0.942053	0.942054	0x00F12A7
2856	2.789517	0.942107	0.942106	0x00F12DE
2857	2.790493	0.942160	0.942160	0x00F1316
2858	2.791470	0.942213	0.942213	0x00F134E
2859	2.792447	0.942266	0.942266	0x00F1386
2860	2.793423	0.942319	0.942320	0x00F13BE
2861	2.794400	0.942372	0.942372	0x00F13F5
2862	2.795377	0.942425	0.942426	0x00F142D
2863	2.796354	0.942478	0.942478	0x00F1464
2864	2.797330	0.942531	0.942532	0x00F149C
2865	2.798307	0.942584	0.942584	0x00F14D3
2866	2.799284	0.942637	0.942637	0x00F150B
2867	2.800260	0.942690	0.942690	0x00F1542
2868	2.801237	0.942743	0.942742	0x00F1579
2869	2.802214	0.942795	0.942796	0x00F15B1
2870	2.803191	0.942848	0.942848	0x00F15E8
2871	2.804167	0.942901	0.942901	0x00F161F
2872	2.805144	0.942953	0.942953	0x00F1656
2873	2.806121	0.943006	0.943006	0x00F168D
2874	2.807098	0.943058	0.943058	0x00F16C4
2875	2.808074	0.943111	0.943110	0x00F16FB
2876	2.809051	0.943163	0.943163	0x00F1732
2877	2.810028	0.943215	0.943215	0x00F1769
2878	2.811004	0.943268	0.943268	0x00F17A0
2879	2.811981	0.943320	0.943320	0x00F17D7
2880	2.812958	0.943372	0.943372	0x00F180D
2881	2.813935	0.943424	0.943424	0x00F1844
2882	2.814911	0.943476	0.943477	0x00F187B
2883	2.815888	0.943528	0.943528	0x00F18B1
2884	2.816865	0.943580	0.943581	0x00F18E8
2885	2.817841	0.943632	0.943632	0x00F191E
2886	2.818818	0.943684	0.943685	0x00F1955
2887	2.819795	0.943736	0.943736	0x00F198B
2888	2.820772	0.943788	0.943788	0x00F19C1
2889	2.821748	0.943840	0.943840	0x00F19F8
2890	2.822725	0.943892	0.943892	0x00F1A2E
2891	2.823702	0.943943	0.943943	0x00F1A64
2892	2.824678	0.943995	0.943995	0x00F1A9A
2893	2.825655	0.944047	0.944047	0x00F1AD1
2894	2.826632	0.944098	0.944098	0x00F1B07
2895	2.827609	0.944150	0.944150	0x00F1B3D
2896	2.828585	0.944201	0.944201	0x00F1B73
2897	2.829562	0.944253	0.944253	0x00F1BA9
2898	2.830539	0.944304	0.944304	0x00F1BDE
2899	2.831516	0.944355	0.944355	0x00F1C14
2900	2.832492	0.944407	0.944407	0x00F1C4A
2901	2.833469	0.944458	0.944458	0x00F1C80
2902	2.834446	0.944509	0.944510	0x00F1CB6
2903	2.835422	0.944560	0.944560	0x00F1CEB
2904	2.836399	0.944611	0.944612	0x00F1D21
2905	2.837376	0.944662	0.944662	0x00F1D56
2906	2.838353	0.944713	0.944714	0x00F1D8C
2907	2.839329	0.944764	0.944764	0x00F1DC1
2908	2.840306	0.944815	0.944816	0x00F1DF7
2909	2.841283	0.944866	0.944866	0x00F1E2C
2910	2.842259	0.944917	0.944917	0x00F1E61
2911	2.843236	0.944968	0.944968	0x00F1E97
2912	2.844213	0.945019	0.945019	0x00F1ECC
2913	2.845190	0.945069	0.945069	0x00F1F01
2914	2.846166	0.945120	0.945120	0x00F1F36
2915	2.847143	0.945171	0.945170	0x00F1F6B
2916	2.848120	0.945221	0.945221	0x00F1FA0
2917	2.849097	0.945272	0.945271	0x00F1FD5
2918	2.850073	0.945322	0.945322	0x00F200A
2919	2.851050	0.945373	0.945373	0x00F203F
2920	2.852027	0.945423	0.945423	0x00F2074
2921	2.853003	0.945474	0.945474	0x00F20A9
2922	2.853980	0.945524	0.945524	0x00F20DE
2923	2.854957	0.945574	0.945575	0x00F2113
2924	2.855934	0.945625	0.945624	0x00F2147
2925	2.856910	0.945675	0.945675	0x00F217C
2926	2.857887	0.945725	0.945724	0x00F21B0
2927	2.858864	0.945775	0.945775	0x00F21E5
2928	2.859840	0.945825	0.945826	0x00F221A
2929	2.860817	0.945875	0.945875	0x00F224E
2930	2.861794	0.945925	0.945925	0x00F2282
2931	2.862771	0.945975	0.945975	0x00F22B7
2932	2.863747	0.946025	0.946025	0x00F22EB
2933	2.864724	0.946075	0.946074	0x00F231F
2934	2.865701	0.946125	0.946125	0x00F2354
2935	2.866678	0.946174	0.946175	0x00F2388
2936	2.867654	0.946224	0.946224	0x00F23BC
2937	2.868631	0.946274	0.946274	0x00F23F0
2938	2.869608	0.946323	0.946323	0x00F2424
2939	2.870584	0.946373	0.946373	0x00F2458
2940	2.871561	0.946423	0.946423	0x00F248C
2941	2.872538	0.946472	0.946472	0x00F24C0
2942	2.873515	0.946522	0.946522	0x00F24F4
2943	2.874491	0.946571	0.946571	0x00F2528
2944	2.875468	0.946620	0.946620	0x00F255B
2945	2.876445	0.946670	0.946670	0x00F258F
2946	2.877421	0.946719	0.946719	0x00F25C3
2947	2.878398	0.946768	0.946768	0x00F25F6
2948	2.879375	0.946817	0.946817	0x00F262A
2949	2.880352	0.946867	0.946867	0x00F265E
2950	2.881328	0.946916	0.946916	0x00F2691
2951	2.882305	0.946965	0.946965	0x00F26C5
2952	2.883282	0.947014	0.947014	0x00F26F8
2953	2.884259	0.947063	0.947062	0x00F272B
2954	2.885235	0.947112	0.947112	0x00F275F
2955	2.886212	0.947161	0.947161	0x00F2792
2956	2.887189	0.947209	0.947209	0x00F27C5
2957	2.888165	0.947258	0.947258	0x00F27F8
2958	2.889142	0.947307	0.947307	0x00F282B
2959	2.890119	0.947356	0.947356	0x00F285F
2960	2.891096	0.947404	0.947405	0x00F2892
2961	2.892072	0.947453	0.947453	0x00F28C5
2962	2.893049	0.947502	0.947502	0x00F28F8
2963	2.894026	0.947550	0.947551	0x00F292B
2964	2.895002	0.947599	0.947598	0x00F295D
2965	2.895979	0.947647	0.947647	0x00F2990
2966	2.896956	0.947696	0.947696	0x00F29C3
2967	2.897933	0.947744	0.947744	0x00F29F6
2968	2.898909	0.947792	0.947792	0x00F2A28
2969	2.899886	0.947841	0.947841	0x00F2A5B
2970	2.900863	0.947889	0.947889	0x00F2A8E
2971	2.901839	0.947937	0.947937	0x00F2AC0
2972	2.902816	0.947985	0.947986	0x00F2AF3
2973	2.903793	0.948034	0.948033	0x00F2B25
2974	2.904770	0.948082	0.948082	0x00F2B58
2975	2.905746	0.948130	0.948130	0x00F2B8A
2976	2.906723	0.948178	0.948177	0x00F2BBC
2977	2.907700	0.948226	0.948226	0x00F2BEF
2978	2.908677	0.948274	0.948274	0x00F2C21
2979	2.909653	0.948322	0.948321	0x00F2C53
2980	2.910630	0.948369	0.948369	0x00F2C85
2981	2.911607	0.948417	0.948418	0x00F2CB8
2982	2.912583	0.948465	0.948465	0x00F2CEA
2983	2.913560	0.948513	0.948513	0x00F2D1C
2984	2.914537	0.948560	0.948561	0x00F2D4E
2985	2.915514	0.948608	0.948608	0x00F2D80
2986	2.916490	0.948656	0.948656	0x00F2DB2
2987	2.917467	0.948703	0.948703	0x00F2DE3
2988	2.918444	0.948751	0.948750	0x00F2E15
2989	2.919420	0.948798	0.948798	0x00F2E47
2990	2.920397	0.948846	0.948846	0x00F2E79
2991	2.921374	0.948893	0.948893	0x00F2EAA
2992	2.922351	0.948940	0.948940	0x00F2EDC
2993	2.923327	0.948988	0.948988	0x00F2F0E
2994	2.924304	0.949035	0.949035	0x00F2F3F
2995	2.925281	0.949082	0.949082	0x00F2F71
2996	2.926258	0.949129	0.949129	0x00F2FA2
2997	2.927234	0.949176	0.949177	0x00F2FD4
2998	2.928211	0.949224	0.949224	0x00F3005
2999	2.929188	0.949271	0.949270	0x00F3036
3000	2.930164	0.949318	0.949318	0x00F3068
3001	2.931141	0.949365	0.949365	0x00F3099
3002	2.932118	0.949411	0.949411	0x00F30CA
3003	2.933095	0.949458	0.949458	0x00F30FB
3004	2.934071	0.949505	0.949505	0x00F312C
3005	2.935048	0.949552	0.949552	0x00F315D
3006	2.936025	0.949599	0.949599	0x00F318F
3007	2.937001	0.949646	0.949646	0x00F31C0
3008	2.937978	0.949692	0.949692	0x00F31F0
3009	2.938955	0.949739	0.949739	0x00F3221
3010	2.939932	0.949785	0.949785	0x00F3252
3011	2.940908	0.949832	0.949832	0x00F3283
3012	2.941885	0.949879	0.949879	0x00F32B4
3013	2.942862	0.949925	0.949925	0x00F32E5
3014	2.943839	0.949971	0.949971	0x00F3315
3015	2.944815	0.950018	0.950018	0x00F3346
3016	2.945792	0.950064	0.950065	0x00F3377
3017	2.946769	0.950111	0.950110	0x00F33A7
3018	2.947745	0.950157	0.950157	0x00F33D8
3019	2.948722	0.950203	0.950203	0x00F3408
3020	2.949699	0.950249	0.950250	0x00F3439
3021	2.950676	0.950295	0.950295	0x00F3469
3022	2.951652	0.950342	0.950341	0x00F3499
3023	2.952629	0.950388	0.950388	0x00F34CA
3024	2.953606	0.950434	0.950434	0x00F34FA
3025	2.954582	0.950480	0.950480	0x00F352A
3026	2.955559	0.950526	0.950525	0x00F355A
3027	2.956536	0.950571	0.950571	0x00F358A
3028	2.957513	0.950617	0.950618	0x00F35BB
3029	2.958489	0.950663	0.950664	0x00F35EB
3030	2.959466	0.950709	0.950709	0x00F361B
3031	2.960443	0.950755	0.950755	0x00F364B
3032	2.961420	0.950800	0.950801	0x00F367B
3033	2.962396	0.950846	0.950846	0x00F36AA
3034	2.963373	0.950892	0.950891	0x00F36DA
3035	2.964350	0.950937	0.950937	0x00F370A
3036	2.965326	0.950983	0.950983	0x00F373A
3037	2.966303	0.951028	0.951029	0x00F376A
3038	2.967280	0.951074	0.951074	0x00F3799
3039	2.968257	0.951119	0.951119	0x00F37C9
3040	2.969233	0.951165	0.951164	0x00F37F8
3041	2.970210	0.951210	0.951210	0x00F3828
3042	2.971187	0.951255	0.951256	0x00F3858
3043	2.972163	0.951301	0.951301	0x00F3887
3044	2.973140	0.951346	0.951345	0x00F38B6
3045	2.974117	0.951391	0.951391	0x00F38E6
3046	2.975094	0.951436	0.951436	0x00F3915
3047	2.976070	0.951481	0.951481	0x00F3944
3048	2.977047	0.951526	0.951527	0x00F3974
3049	2.978024	0.951571	0.951571	0x00F39A3
3050	2.979000	0.951616	0.951616	0x00F39D2
3051	2.979977	0.951661	0.951661	0x00F3A01
3052	2.980954	0.951706	0.951706	0x00F3A30
3053	2.981931	0.951751	0.951751	0x00F3A5F
3054	2.982907	0.951796	0.951796	0x00F3A8E
3055	2.983884	0.951841	0.951840	0x00F3ABD
3056	2.984861	0.951885	0.951885	0x00F3AEC
3057	2.985838	0.951930	0.951930	0x00F3B1B
3058	2.986814	0.951975	0.951975	0x00F3B4A
3059	2.987791	0.952020	0.952020	0x00F3B79
3060	2.988768	0.952064	0.952065	0x00F3BA8
3061	2.989744	0.952109	0.952108	0x00F3BD6
3062	2.990721	0.952153	0.952153	0x00F3C05
3063	2.991698	0.952198	0.952198	0x00F3C34
3064	2.992675	0.952242	0.952242	0x00F3C62
3065	2.993651	0.952286	0.952287	0x00F3C91
3066	2.994628	0.952331	0.952331	0x00F3CBF
3067	2.995605	0.952375	0.952375	0x00F3CEE
3068	2.996581	0.952419	0.952419	0x00F3D1C
3069	2.997558	0.952464	0.952464	0x00F3D4B
3070	2.998535	0.952508	0.952508	0x00F3D79
3071	2.999512	0.952552	0.952552	0x00F3DA7
3072	3.000488	0.952596	0.952596	0x00F3DD5
3073	3.001465	0.952640	0.952641	0x00F3E04
3074	3.002442	0.952684	0.952684	0x00F3E32
3075	3.003419	0.952728	0.952728	0x00F3E60
3076	3.004395	0.952772	0.952772	0x00F3E8E
3077	3.005372	0.952816	0.952816	0x00F3EBC
3078	3.006349	0.952860	0.952860	0x00F3EEA
3079	3.007325	0.952904	0.952904	0x00F3F18
3080	3.008302	0.952948	0.952948	0x00F3F46
3081	3.009279	0.952992	0.952991	0x00F3F74
3082	3.010256	0.953035	0.953035	0x00F3FA2
3083	3.011232	0.953079	0.953079	0x00F3FD0
3084	3.012209	0.953123	0.953123	0x00F3FFE
3085	3.013186	0.953166	0.953166	0x00F402B
3086	3.014162	0.953210	0.953210	0x00F4059
3087	3.015139	0.953253	0.953254	0x00F4087
3088	3.016116	0.953297	0.953297	0x00F40B4
3089	3.017093	0.953340	0.953341	0x00F40E2
3090	3.018069	0.953384	0.953383	0x00F410F
3091	3.019046	0.953427	0.953427	0x00F413D
3092	3.020023	0.953471	0.953470	0x00F416A
3093	3.021000	0.953514	0.953514	0x00F4198
3094	3.021976	0.953557	0.953557	0x00F41C5
3095	3.022953	0.953600	0.953600	0x00F41F2
3096	3.023930	0.953644	0.953644	0x00F4220
3097	3.024906	0.953687	0.953687	0x00F424D
3098	3.025883	0.953730	0.953730	0x00F427A
3099	3.026860	0.953773	0.953773	0x00F42A7
3100	3.027837	0.953816	0.953816	0x00F42D5
3101	3.028813	0.953859	0.953859	0x00F4302
3102	3.029790	0.953902	0.953902	0x00F432F
3103	3.030767	0.953945	0.953945	0x00F435C
3104	3.031743	0.953988	0.953988	0x00F4389
3105	3.032720	0.954031	0.954031	0x00F43B6
3106	3.033697	0.954073	0.954074	0x00F43E3
3107	3.034674	0.954116	0.954116	0x00F440F
3108	3.035650	0.954159	0.954159	0x00F443C
3109	3.036627	0.954202	0.954202	0x00F4469
3110	3.037604	0.954244	0.954245	0x00F4496
3111	3.038580	0.954287	0.954287	0x00F44C2
3112	3.039557	0.954330	0.954329	0x00F44EF
3113	3.040534	0.954372	0.954372	0x00F451C
3114	3.041511	0.954415	0.954414	0x00F4548
3115	3.042487	0.954457	0.954457	0x00F4575
3116	3.043464	0.954500	0.954499	0x00F45A1
3117	3.044441	0.954542	0.954542	0x00F45CE
3118	3.045418	0.954584	0.954584	0x00F45FA
3119	3.046394	0.954627	0.954627	0x00F4627
3120	3.047371	0.954669	0.954669	0x00F4653
3121	3.048348	0.954711	0.954711	0x00F467F
3122	3.049324	0.954753	0.954753	0x00F46AB
3123	3.050301	0.954796	0.954796	0x00F46D8
3124	3.051278	0.954838	0.954838	0x00F4704
3125	3.052255	0.954880	0.954880	0x00F4730
3126	3.053231	0.954922	0.954922	0x00F475C
3127	3.054208	0.954964	0.954964	0x00F4788
3128	3.055185	0.955006	0.955006	0x00F47B4
3129	3.056161	0.955048	0.955048	0x00F47E0
3130	3.057138	0.955090	0.955090	0x00F480C
3131	3.058115	0.955132	0.955132	0x00F4838
3132	3.059092	0.955173	0.955173	0x00F4864
3133	3.060068	0.955215	0.955215	0x00F4890
3134	3.061045	0.955257	0.955257	0x00F48BC
3135	3.062022	0.955299	0.955298	0x00F48E7
3136	3.062999	0.955340	0.955340	0x00F4913
3137	3.063975	0.955382	0.955382	0x00F493F
3138	3.064952	0.955424	0.955423	0x00F496A
3139	3.065929	0.955465	0.955465	0x00F4996
3140	3.066905	0.955507	0.955506	0x00F49C1
3141	3.067882	0.955548	0.955548	0x00F49ED
3142	3.068859	0.955590	0.955589	0x00F4A18
3143	3.069836	0.955631	0.955631	0x00F4A44
3144	3.070812	0.955673	0.955672	0x00F4A6F
3145	3.071789	0.955714	0.955714	0x00F4A9B
3146	3.072766	0.955755	0.955755	0x00F4AC6
3147	3.073742	0.955797	0.955796	0x00F4AF1
3148	3.074719	0.955838	0.955838	0x00F4B1D
3149	3.075696	0.955879	0.955879	0x00F4B48
3150	3.076673	0.955920	0.955920	0x00F4B73
3151	3.077649	0.955961	0.955961	0x00F4B9E
3152	3.078626	0.956002	0.956002	0x00F4BC9
3153	3.079603	0.956043	0.956043	0x00F4BF4
3154	3.080580	0.956085	0.956084	0x00F4C1F
3155	3.081556	0.956126	0.956125	0x00F4C4A
3156	3.082533	0.956166	0.956166	0x00F4C75
3157	3.083510	0.956207	0.956207	0x00F4CA0
3158	3.084486	0.956248	0.956248	0x00F4CCB
3159	3.085463	0.956289	0.956289	0x00F4CF6
3160	3.086440	0.956330	0.956330	0x00F4D21
3161	3.087417	0.956371	0.956370	0x00F4D4B
3162	3.088393	0.956411	0.956411	0x00F4D76
3163	3.089370	0.956452	0.956452	0x00F4DA1
3164	3.090347	0.956493	0.956492	0x00F4DCB
3165	3.091323	0.956533	0.956533	0x00F4DF6
3166	3.092300	0.956574	0.956574	0x00F4E21
3167	3.093277	0.956615	0.956614	0x00F4E4B
3168	3.094254	0.956655	0.956656	0x00F4E76
3169	3.095230	0.956696	0.956696	0x00F4EA0
3170	3.096207	0.956736	0.956736	0x00F4ECA
3171	3.097184	0.956776	0.956777	0x00F4EF5
3172	3.098161	0.956817	0.956817	0x00F4F1F
3173	3.099137	0.956857	0.956857	0x00F4F49
3174	3.100114	0.956897	0.956898	0x00F4F74
3175	3.101091	0.956938	0.956938	0x00F4F9E
3176	3.102067	0.956978	0.956978	0x00F4FC8
3177	3.103044	0.957018	0.957018	0x00F4FF2
3178	3.104021	0.957058	0.957058	0x00F501C
3179	3.104998	0.957098	0.957098	0x00F5046
3180	3.105974	0.957139	0.957138	0x00F5070
3181	3.106951	0.957179	0.957178	0x00F509A
3182	3.107928	0.957219	0.957218	0x00F50C4
3183	3.108904	0.957259	0.957258	0x00F50EE
3184	3.109881	0.957298	0.957298	0x00F5118
3185	3.110858	0.957338	0.957338	0x00F5142
3186	3.111835	0.957378	0.957378	0x00F516C
3187	3.112811	0.957418	0.957418	0x00F5196
3188	3.113788	0.957458	0.957458	0x00F51BF
3189	3.114765	0.957498	0.957498	0x00F51E9
3190	3.115741	0.957537	0.957538	0x00F5213
3191	3.116718	0.957577	0.957577	0x00F523C
3192	3.117695	0.957617	0.957617	0x00F5266
3193	3.118672	0.957656	0.957657	0x00F5290
3194	3.119648	0.957696	0.957696	0x00F52B9
3195	3.120625	0.957736	0.957735	0x00F52E2
3196	3.121602	0.957775	0.957775	0x00F530C
3197	3.122579	0.957815	0.957814	0x00F5335
3198	3.123555	0.957854	0.957854	0x00F535F
3199	3.124532	0.957893	0.957893	0x00F5388
3200	3.125509	0.957933	0.957932	0x00F53B1
3201	3.126485	0.957972	0.957973	0x00F53DB
3202	3.127462	0.958011	0.958012	0x00F5404
3203	3.128439	0.958051	0.958051	0x00F542D
3204	3.129416	0.958090	0.958090	0x00F5456
3205	3.130392	0.958129	0.958129	0x00F547F
3206	3.131369	0.958168	0.958168	0x00F54A8
3207	3.132346	0.958207	0.958207	0x00F54D1
3208	3.133322	0.958247	0.958246	0x00F54FA
3209	3.134299	0.958286	0.958285	0x00F5523
3210	3.135276	0.958325	0.958324	0x00F554C
3211	3.136253	0.958364	0.958364	0x00F5575
3212	3.137229	0.958403	0.958403	0x00F559E
3213	3.138206	0.958441	0.958442	0x00F55C7
3214	3.139183	0.958480	0.958481	0x00F55F0
3215	3.140160	0.958519	0.958519	0x00F5618
3216	3.141136	0.958558	0.958558	0x00F5641
3217	3.142113	0.958597	0.958597	0x00F566A
3218	3.143090	0.958636	0.958635	0x00F5692
3219	3.144066	0.958674	0.958674	0x00F56BB
3220	3.145043	0.958713	0.958713	0x00F56E3
3221	3.146020	0.958752	0.958752	0x00F570C
3222	3.146997	0.958790	0.958790	0x00F5734
3223	3.147973	0.958829	0.958829	0x00F575D
3224	3.148950	0.958867	0.958867	0x00F5785
3225	3.149927	0.958906	0.958906	0x00F57AE
3226	3.150903	0.958944	0.958944	0x00F57D6
3227	3.151880	0.958983	0.958982	0x00F57FE
3228	3.152857	0.959021	0.959022	0x00F5827
3229	3.153834	0.959060	0.959060	0x00F584F
3230	3.154810	0.959098	0.959098	0x00F5877
3231	3.155787	0.959136	0.959136	0x00F589F
3232	3.156764	0.959174	0.959174	0x00F58C7
3233	3.157741	0.959213	0.959212	0x00F58EF
3234	3.158717	0.959251	0.959250	0x00F5917
3235	3.159694	0.959289	0.959289	0x00F593F
3236	3.160671	0.959327	0.959327	0x00F5967
3237	3.161647	0.959365	0.959365	0x00F598F
3238	3.162624	0.959403	0.959403	0x00F59B7
3239	3.163601	0.959441	0.959441	0x00F59DF
3240	3.164578	0.959479	0.959479	0x00F5A07
3241	3.165554	0.959517	0.959517	0x00F5A2F
3242	3.166531	0.959555	0.959556	0x00F5A57
3243	3.167508	0.959593	0.959593	0x00F5A7E
3244	3.168484	0.959631	0.959631	0x00F5AA6
3245	3.169461	0.959669	0.959669	0x00F5ACE
3246	3.170438	0.959707	0.959706	0x00F5AF5
3247	3.171415	0.959744	0.959744	0x00F5B1D
3248	3.172391	0.959782	0.959782	0x00F5B44
3249	3.173368	0.959820	0.959820	0x00F5B6C
3250	3.174345	0.959857	0.959857	0x00F5B93
3251	3.175322	0.959895	0.959895	0x00F5BBB
3252	3.176298	0.959933	0.959932	0x00F5BE2
3253	3.177275	0.959970	0.959970	0x00F5C0A
3254	3.178252	0.960008	0.960008	0x00F5C31
3255	3.179228	0.960045	0.960045	0x00F5C58
3256	3.180205	0.960083	0.960082	0x00F5C7F
3257	3.181182	0.960120	0.960120	0x00F5CA7
3258	3.182159	0.960157	0.960157	0x00F5CCE
3259	3.183135	0.960195	0.960195	0x00F5CF5
3260	3.184112	0.960232	0.960232	0x00F5D1C
3261	3.185089	0.960269	0.960269	0x00F5D43
3262	3.186065	0.960307	0.960306	0x00F5D6A
3263	3.187042	0.960344	0.960343	0x00F5D91
3264	3.188019	0.960381	0.960381	0x00F5DB8
3265	3.188996	0.960418	0.960418	0x00F5DDF
3266	3.189972	0.960455	0.960455	0x00F5E06
3267	3.190949	0.960492	0.960492	0x00F5E2D
3268	3.191926	0.960529	0.960529	0x00F5E54
3269	3.192902	0.960566	0.960567	0x00F5E7B
3270	3.193879	0.960603	0.960604	0x00F5EA2
3271	3.194856	0.960640	0.960640	0x00F5EC8
3272	3.195833	0.960677	0.960677	0x00F5EEF
3273	3.196809	0.960714	0.960714	0x00F5F16
3274	3.197786	0.960751	0.960751	0x00F5F3C
3275	3.198763	0.960788	0.960788	0x00F5F63
3276	3.199740	0.960824	0.960824	0x00F5F89
3277	3.200716	0.960861	0.960861	0x00F5FB0
3278	3.201693	0.960898	0.960898	0x00F5FD7
3279	3.202670	0.960935	0.960935	0x00F5FFD
3280	3.203646	0.960971	0.960971	0x00F6023
3281	3.204623	0.961008	0.961008	0x00F604A
3282	3.205600	0.961044	0.961044	0x00F6070
3283	3.206577	0.961081	0.961081	0x00F6096
3284	3.207553	0.961118	0.961118	0x00F60BD
3285	3.208530	0.961154	0.961154	0x00F60E3
3286	3.209507	0.961190	0.961190	0x00F6109
3287	3.210483	0.961227	0.961226	0x00F612F
3288	3.211460	0.961263	0.961264	0x00F6156
3289	3.212437	0.961300	0.961300	0x00F617C
3290	3.213414	0.961336	0.961336	0x00F61A2
3291	3.214390	0.961372	0.961372	0x00F61C8
3292	3.215367	0.961408	0.961409	0x00F61EE
3293	3.216344	0.961445	0.961445	0x00F6214
3294	3.217321	0.961481	0.961481	0x00F623A
3295	3.218297	0.961517	0.961517	0x00F6260
3296	3.219274	0.961553	0.961554	0x00F6286
3297	3.220251	0.961589	0.961589	0x00F62AB
3298	3.221227	0.961625	0.961625	0x00F62D1
3299	3.222204	0.961661	0.961661	0x00F62F7
3300	3.223181	0.961697	0.961698	0x00F631D
3301	3.224158	0.961733	0.961733	0x00F6342
3302	3.225134	0.961769	0.961769	0x00F6368
3303	3.226111	0.961805	0.961805	0x00F638E
3304	3.227088	0.961841	0.961841	0x00F63B3
3305	3.228064	0.961877	0.961877	0x00F63D9
3306	3.229041	0.961913	0.961913	0x00F63FF
3307	3.230018	0.961948	0.961948	0x00F6424
3308	3.230995	0.961984	0.961984	0x00F6449
3309	3.231971	0.962020	0.962020	0x00F646F
3310	3.232948	0.962056	0.962055	0x00F6494
3311	3.233925	0.962091	0.962091	0x00F64BA
3312	3.234902	0.962127	0.962127	0x00F64DF
3313	3.235878	0.962162	0.962162	0x00F6504
3314	3.236855	0.962198	0.962198	0x00F652A
3315	3.237832	0.962233	0.962234	0x00F654F
3316	3.238808	0.962269	0.962269	0x00F6574
3317	3.239785	0.962304	0.962304	0x00F6599
3318	3.240762	0.962340	0.962339	0x00F65BE
3319	3.241739	0.962375	0.962375	0x00F65E3
3320	3.242715	0.962410	0.962411	0x00F6609
3321	3.243692	0.962446	0.962446	0x00F662E
3322	3.244669	0.962481	0.962481	0x00F6653
3323	3.245645	0.962516	0.962517	0x00F6678
3324	3.246622	0.962552	0.962551	0x00F669C
3325	3.247599	0.962587	0.962586	0x00F66C1
3326	3.248576	0.962622	0.962622	0x00F66E6
3327	3.249552	0.962657	0.962657	0x00F670B
3328	3.250529	0.962692	0.962692	0x00F6730
3329	3.251506	0.962727	0.962728	0x00F6755
3330	3.252483	0.962762	0.962762	0x00F6779
3331	3.253459	0.962797	0.962797	0x00F679E
3332	3.254436	0.962832	0.962832	0x00F67C3
3333	3.255413	0.962867	0.962867	0x00F67E7
3334	3.256389	0.962902	0.962902	0x00F680C
3335	3.257366	0.962937	0.962937	0x00F6831
3336	3.258343	0.962972	0.962972	0x00F6855
3337	3.259320	0.963007	0.963007	0x00F687A
3338	3.260296	0.963041	0.963041	0x00F689E
3339	3.261273	0.963076	0.963076	0x00F68C2
3340	3.262250	0.963111	0.963111	0x00F68E7
3341	3.263226	0.963145	0.963145	0x00F690B
3342	3.264203	0.963180	0.963181	0x00F6930
3343	3.265180	0.963215	0.963215	0x00F6954
3344	3.266157	0.963249	0.963249	0x00F6978
3345	3.267133	0.963284	0.963284	0x00F699C
3346	3.268110	0.963318	0.963319	0x00F69C1
3347	3.269087	0.963353	0.963353	0x00F69E5
3348	3.270063	0.963387	0.963387	0x00F6A09
3349	3.271040	0.963422	0.963422	0x00F6A2D
3350	3.272017	0.963456	0.963456	0x00F6A51
3351	3.272994	0.963491	0.963490	0x00F6A75
3352	3.273970	0.963525	0.963525	0x00F6A99
3353	3.274947	0.963559	0.963559	0x00F6ABD
3354	3.275924	0.963594	0.963593	0x00F6AE1
3355	3.276901	0.963628	0.963628	0x00F6B05
3356	3.277877	0.963662	0.963662	0x00F6B29
3357	3.278854	0.963696	0.963696	0x00F6B4D
3358	3.279831	0.963730	0.963731	0x00F6B71
3359	3.280807	0.963764	0.963764	0x00F6B94
3360	3.281784	0.963799	0.963799	0x00F6BB8
3361	3.282761	0.963833	0.963833	0x00F6BDC
3362	3.283738	0.963867	0.963866	0x00F6BFF
3363	3.284714	0.963901	0.963901	0x00F6C23
3364	3.285691	0.963935	0.963935	0x00F6C47
3365	3.286668	0.963969	0.963968	0x00F6C6A
3366	3.287644	0.964003	0.964003	0x00F6C8E
3367	3.288621	0.964036	0.964036	0x00F6CB1
3368	3.289598	0.964070	0.964070	0x00F6CD5
3369	3.290575	0.964104	0.964104	0x00F6CF8
3370	3.291551	0.964138	0.964138	0x00F6D1C
3371	3.292528	0.964172	0.964171	0x00F6D3F
3372	3.293505	0.964205	0.964206	0x00F6D63
3373	3.294482	0.964239	0.964239	0x00F6D86
3374	3.295458	0.964273	0.964272	0x00F6DA9
3375	3.296435	0.964306	0.964306	0x00F6DCC
3376	3.297412	0.964340	0.964340	0x00F6DF0
3377	3.298388	0.964373	0.964374	0x00F6E13
3378	3.299365	0.964407	0.964407	0x00F6E36
3379	3.300342	0.964441	0.964440	0x00F6E59
3380	3.301319	0.964474	0.964474	0x00F6E7C
3381	3.302295	0.964507	0.964507	0x00F6E9F
3382	3.303272	0.964541	0.964540	0x00F6EC2
3383	3.304249	0.964574	0.964574	0x00F6EE5
3384	3.305225	0.964608	0.964607	0x00F6F08
3385	3.306202	0.964641	0.964641	0x00F6F2B
3386	3.307179	0.964674	0.964674	0x00F6F4E
3387	3.308156	0.964708	0.964707	0x00F6F71
3388	3.309132	0.964741	0.964741	0x00F6F94
3389	3.310109	0.964774	0.964774	0x00F6FB7
3390	3.311086	0.964807	0.964808	0x00F6FDA
3391	3.312063	0.964840	0.964840	0x00F6FFC
3392	3.313039	0.964873	0.964873	0x00F701F
3393	3.314016	0.964907	0.964907	0x00F7042
3394	3.314993	0.964940	0.964939	0x00F7064
3395	3.315969	0.964973	0.964972	0x00F7087
3396	3.316946	0.965006	0.965006	0x00F70AA
3397	3.317923	0.965039	0.965038	0x00F70CC
3398	3.318900	0.965072	0.965072	0x00F70EF
3399	3.319876	0.965104	0.965104	0x00F7111
3400	3.320853	0.965137	0.965137	0x00F7134
3401	3.321830	0.965170	0.965170	0x00F7156
3402	3.322806	0.965203	0.965203	0x00F7179
3403	3.323783	0.965236	0.965236	0x00F719B
3404	3.324760	0.965269	0.965268	0x00F71BD
3405	3.325737	0.965301	0.965302	0x00F71E0
3406	3.326713	0.965334	0.965334	0x00F7202
3407	3.327690	0.965367	0.965366	0x00F7224
3408	3.328667	0.965399	0.965399	0x00F7246
3409	3.329643	0.965432	0.965432	0x00F7269
3410	3.330620	0.965464	0.965465	0x00F728B
3411	3.331597	0.965497	0.965497	0x00F72AD
3412	3.332574	0.965530	0.965529	0x00F72CF
3413	3.333550	0.965562	0.965562	0x00F72F1
3414	3.334527	0.965594	0.965594	0x00F7313
3415	3.335504	0.965627	0.965627	0x00F7335
3416	3.336481	0.965659	0.965659	0x00F7357
3417	3.337457	0.965692	0.965692	0x00F7379
3418	3.338434	0.965724	0.965724	0x00F739B
3419	3.339411	0.965756	0.965756	0x00F73BD
3420	3.340387	0.965789	0.965789	0x00F73DF
3421	3.341364	0.965821	0.965821	0x00F7401
3422	3.342341	0.965853	0.965853	0x00F7422
3423	3.343318	0.965885	0.965885	0x00F7444
3424	3.344294	0.965917	0.965918	0x00F7466
3425	3.345271	0.965950	0.965950	0x00F7488
3426	3.346248	0.965982	0.965981	0x00F74A9
3427	3.347224	0.966014	0.966014	0x00F74CB
3428	3.348201	0.966046	0.966046	0x00F74ED
3429	3.349178	0.966078	0.966078	0x00F750E
3430	3.350155	0.966110	0.966110	0x00F7530
3431	3.351131	0.966142	0.966142	0x00F7551
3432	3.352108	0.966174	0.966174	0x00F7573
3433	3.353085	0.966206	0.966206	0x00F7594
3434	3.354062	0.966238	0.966238	0x00F75B6
3435	3.355038	0.966269	0.966269	0x00F75D7
3436	3.356015	0.966301	0.966301	0x00F75F8
3437	3.356992	0.966333	0.966333	0x00F761A
3438	3.357968	0.966365	0.966365	0x00F763B
3439	3.358945	0.966397	0.966396	0x00F765C
3440	3.359922	0.966428	0.966428	0x00F767D
3441	3.360899	0.966460	0.966460	0x00F769F
3442	3.361875	0.966492	0.966492	0x00F76C0
3443	3.362852	0.966523	0.966523	0x00F76E1
3444	3.363829	0.966555	0.966555	0x00F7702
3445	3.364805	0.966586	0.966586	0x00F7723
3446	3.365782	0.966618	0.966618	0x00F7744
3447	3.366759	0.966649	0.966649	0x00F7765
3448	3.367736	0.966681	0.966681	0x00F7786
3449	3.368712	0.966712	0.966712	0x00F77A7
3450	3.369689	0.966744	0.966743	0x00F77C8
3451	3.370666	0.966775	0.966775	0x00F77E9
3452	3.371643	0.966806	0.966806	0x00F780A
3453	3.372619	0.966838	0.966838	0x00F782B
3454	3.373596	0.966869	0.966869	0x00F784C
3455	3.374573	0.966900	0.966900	0x00F786C
3456	3.375549	0.966932	0.966931	0x00F788D
3457	3.376526	0.966963	0.966963	0x00F78AE
3458	3.377503	0.966994	0.966994	0x00F78CF
3459	3.378480	0.967025	0.967025	0x00F78EF
3460	3.379456	0.967056	0.967056	0x00F7910
3461	3.380433	0.967087	0.967088	0x00F7931
3462	3.381410	0.967118	0.967118	0x00F7951
3463	3.382386	0.967150	0.967150	0x00F7972
3464	3.383363	0.967181	0.967180	0x00F7992
3465	3.384340	0.967212	0.967212	0x00F79B3
3466	3.385317	0.967242	0.967242	0x00F79D3
3467	3.386293	0.967273	0.967274	0x00F79F4
3468	3.387270	0.967304	0.967304	0x00F7A14
3469	3.388247	0.967335	0.967335	0x00F7A34
3470	3.389224	0.967366	0.967366	0x00F7A55
3471	3.390200	0.967397	0.967397	0x00F7A75
3472	3.391177	0.967428	0.967427	0x00F7A95
3473	3.392154	0.967458	0.967459	0x00F7AB6
3474	3.393130	0.967489	0.967489	0x00F7AD6
3475	3.394107	0.967520	0.967520	0x00F7AF6
3476	3.395084	0.967551	0.967550	0x00F7B16
3477	3.396061	0.967581	0.967581	0x00F7B36
3478	3.397037	0.967612	0.967612	0x00F7B57
3479	3.398014	0.967642	0.967643	0x00F7B77
3480	3.398991	0.967673	0.967673	0x00F7B97
3481	3.399967	0.967704	0.967704	0x00F7BB7
3482	3.400944	0.967734	0.967734	0x00F7BD7
3483	3.401921	0.967765	0.967765	0x00F7BF7
3484	3.402898	0.967795	0.967795	0x00F7C17
3485	3.403874	0.967825	0.967825	0x00F7C36
3486	3.404851	0.967856	0.967855	0x00F7C56
3487	3.405828	0.967886	0.967886	0x00F7C76
3488	3.406804	0.967917	0.967916	0x00F7C96
3489	3.407781	0.967947	0.967947	0x00F7CB6
3490	3.408758	0.967977	0.967978	0x00F7CD6
3491	3.409735	0.968007	0.968007	0x00F7CF5
3492	3.410711	0.968038	0.968038	0x00F7D15
3493	3.411688	0.968068	0.968068	0x00F7D35
3494	3.412665	0.968098	0.968098	0x00F7D54
3495	3.413642	0.968128	0.968128	0x00F7D74
3496	3.414618	0.968158	0.968159	0x00F7D94
3497	3.415595	0.968188	0.968188	0x00F7DB3
3498	3.416572	0.968218	0.968219	0x00F7DD3
3499	3.417548	0.968248	0.968248	0x00F7DF2
3500	3.418525	0.968279	0.968279	0x00F7E12
3501	3.419502	0.968308	0.968308	0x00F7E31
3502	3.420479	0.968338	0.968338	0x00F7E50
3503	3.421455	0.968368	0.968369	0x00F7E70
3504	3.422432	0.968398	0.968398	0x00F7E8F
3505	3.423409	0.968428	0.968429	0x00F7EAF
3506	3.424385	0.968458	0.968458	0x00F7ECE
3507	3.425362	0.968488	0.968488	0x00F7EED
3508	3.426339	0.968518	0.968517	0x00F7F0C
3509	3.427316	0.968547	0.968548	0x00F7F2C
3510	3.428292	0.968577	0.968577	0x00F7F4B
3511	3.429269	0.968607	0.968607	0x00F7F6A
3512	3.430246	0.968637	0.968637	0x00F7F89
3513	3.431223	0.968666	0.968666	0x00F7FA8
3514	3.432199	0.968696	0.968696	0x00F7FC7
3515	3.433176	0.968725	0.968725	0x00F7FE6
3516	3.434153	0.968755	0.968755	0x00F8005
3517	3.435129	0.968785	0.968784	0x00F8024
3518	3.436106	0.968814	0.968814	0x00F8043
3519	3.437083	0.968844	0.968843	0x00F8062
3520	3.438060	0.968873	0.968873	0x00F8081
3521	3.439036	0.968902	0.968903	0x00F80A0
3522	3.440013	0.968932	0.968932	0x00F80BF
3523	3.440990	0.968961	0.968962	0x00F80DE
3524	3.441966	0.968991	0.968990	0x00F80FC
3525	3.442943	0.969020	0.969020	0x00F811B
3526	3.443920	0.969049	0.969049	0x00F813A
3527	3.444897	0.969079	0.969079	0x00F8159
3528	3.445873	0.969108	0.969108	0x00F8177
3529	3.446850	0.969137	0.969137	0x00F8196
3530	3.447827	0.969166	0.969166	0x00F81B4
3531	3.448804	0.969195	0.969195	0x00F81D3
3532	3.449780	0.969225	0.969225	0x00F81F2
3533	3.450757	0.969254	0.969254	0x00F8210
3534	3.451734	0.969283	0.969283	0x00F822F
3535	3.452710	0.969312	0.969312	0x00F824D
3536	3.453687	0.969341	0.969341	0x00F826C
3537	3.454664	0.969370	0.969370	0x00F828A
3538	3.455641	0.969399	0.969398	0x00F82A8
3539	3.456617	0.969428	0.969428	0x00F82C7
3540	3.457594	0.969457	0.969457	0x00F82E5
3541	3.458571	0.969486	0.969485	0x00F8303
3542	3.459547	0.969515	0.969515	0x00F8322
3543	3.460524	0.969543	0.969543	0x00F8340
3544	3.461501	0.969572	0.969572	0x00F835E
3545	3.462478	0.969601	0.969601	0x00F837C
3546	3.463454	0.969630	0.969630	0x00F839B
3547	3.464431	0.969659	0.969659	0x00F83B9
3548	3.465408	0.969687	0.969687	0x00F83D7
3549	3.466385	0.969716	0.969716	0x00F83F5
3550	3.467361	0.969745	0.969745	0x00F8413
3551	3.468338	0.969773	0.969773	0x00F8431
3552	3.469315	0.969802	0.969802	0x00F844F
3553	3.470291	0.969831	0.969831	0x00F846D
3554	3.471268	0.969859	0.969859	0x00F848B
3555	3.472245	0.969888	0.969888	0x00F84A9
3556	3.473222	0.969916	0.969916	0x00F84C7
3557	3.474198	0.969945	0.969945	0x00F84E5
3558	3.475175	0.969973	0.969974	0x00F8503
3559	3.476152	0.970002	0.970001	0x00F8520
3560	3.477128	0.970030	0.970030	0x00F853E
3561	3.478105	0.970058	0.970058	0x00F855C
3562	3.479082	0.970087	0.970087	0x00F857A
3563	3.480059	0.970115	0.970115	0x00F8597
3564	3.481035	0.970143	0.970143	0x00F85B5
3565	3.482012	0.970172	0.970172	0x00F85D3
3566	3.482989	0.970200	0.970200	0x00F85F0
3567	3.483965	0.970228	0.970228	0x00F860E
3568	3.484942	0.970256	0.970256	0x00F862B
3569	3.485919	0.970284	0.970284	0x00F8649
3570	3.486896	0.970313	0.970313	0x00F8667
3571	3.487872	0.970341	0.970341	0x00F8684
3572	3.488849	0.970369	0.970368	0x00F86A1
3573	3.489826	0.970397	0.970397	0x00F86BF
3574	3.490803	0.970425	0.970425	0x00F86DC
3575	3.491779	0.970453	0.970453	0x00F86FA
3576	3.492756	0.970481	0.970481	0x00F8717
3577	3.493733	0.970509	0.970509	0x00F8734
3578	3.494709	0.970537	0.970537	0x00F8752
3579	3.495686	0.970565	0.970565	0x00F876F
3580	3.496663	0.970593	0.970592	0x00F878C
3581	3.497640	0.970621	0.970620	0x00F87A9
3582	3.498616	0.970648	0.970649	0x00F87C7
3583	3.499593	0.970676	0.970676	0x00F87E4
3584	3.500570	0.970704	0.970704	0x00F8801
3585	3.501546	0.970732	0.970732	0x00F881E
3586	3.502523	0.970759	0.970759	0x00F883B
3587	3.503500	0.970787	0.970787	0x00F8858
3588	3.504477	0.970815	0.970815	0x00F8875
3589	3.505453	0.970843	0.970842	0x00F8892
3590	3.506430	0.970870	0.970870	0x00F88AF
3591	3.507407	0.970898	0.970898	0x00F88CC
3592	3.508384	0.970925	0.970925	0x00F88E9
3593	3.509360	0.970953	0.970953	0x00F8906
3594	3.510337	0.970980	0.970981	0x00F8923
3595	3.511314	0.971008	0.971008	0x00F8940
3596	3.512290	0.971035	0.971035	0x00F895C
3597	3.513267	0.971063	0.971063	0x00F8979
3598	3.514244	0.971090	0.971090	0x00F8996
3599	3.515221	0.971118	0.971118	0x00F89B3
3600	3.516197	0.971145	0.971145	0x00F89CF
3601	3.517174	0.971172	0.971172	0x00F89EC
3602	3.518151	0.971200	0.971200	0x00F8A09
3603	3.519127	0.971227	0.971227	0x00F8A25
3604	3.520104	0.971254	0.971254	0x00F8A42
3605	3.521081	0.971282	0.971282	0x00F8A5F
3606	3.522058	0.971309	0.971309	0x00F8A7B
3607	3.523034	0.971336	0.971336	0x00F8A98
3608	3.524011	0.971363	0.971363	0x00F8AB4
3609	3.524988	0.971390	0.971391	0x00F8AD1
3610	3.525965	0.971418	0.971417	0x00F8AED
3611	3.526941	0.971445	0.971445	0x00F8B0A
3612	3.527918	0.971472	0.971472	0x00F8B26
3613	3.528895	0.971499	0.971498	0x00F8B42
3614	3.529871	0.971526	0.971526	0x00F8B5F
3615	3.530848	0.971553	0.971553	0x00F8B7B
3616	3.531825	0.971580	0.971580	0x00F8B97
3617	3.532802	0.971607	0.971607	0x00F8BB4
3618	3.533778	0.971634	0.971634	0x00F8BD0
3619	3.534755	0.971661	0.971661	0x00F8BEC
3620	3.535732	0.971688	0.971687	0x00F8C08
3621	3.536708	0.971714	0.971714	0x00F8C24
3622	3.537685	0.971741	0.971742	0x00F8C41
3623	3.538662	0.971768	0.971768	0x00F8C5D
3624	3.539639	0.971795	0.971795	0x00F8C79
3625	3.540615	0.971822	0.971822	0x00F8C95
3626	3.541592	0.971848	0.971848	0x00F8CB1
3627	3.542569	0.971875	0.971875	0x00F8CCD
3628	3.543545	0.971902	0.971902	0x00F8CE9
3629	3.544522	0.971928	0.971929	0x00F8D05
3630	3.545499	0.971955	0.971955	0x00F8D21
3631	3.546476	0.971982	0.971982	0x00F8D3D
3632	3.547452	0.972008	0.972008	0x00F8D58
3633	3.548429	0.972035	0.972034	0x00F8D74
3634	3.549406	0.972061	0.972061	0x00F8D90
3635	3.550383	0.972088	0.972088	0x00F8DAC
3636	3.551359	0.972114	0.972115	0x00F8DC8
3637	3.552336	0.972141	0.972140	0x00F8DE3
3638	3.553313	0.972167	0.972167	0x00F8DFF
3639	3.554289	0.972194	0.972194	0x00F8E1B
3640	3.555266	0.972220	0.972220	0x00F8E37
3641	3.556243	0.972246	0.972246	0x00F8E52
3642	3.557220	0.972273	0.972273	0x00F8E6E
3643	3.558196	0.972299	0.972299	0x00F8E89
3644	3.559173	0.972325	0.972325	0x00F8EA5
3645	3.560150	0.972352	0.972352	0x00F8EC1
3646	3.561126	0.972378	0.972378	0x00F8EDC
3647	3.562103	0.972404	0.972404	0x00F8EF8
3648	3.563080	0.972430	0.972430	0x00F8F13
3649	3.564057	0.972456	0.972456	0x00F8F2E
3650	3.565033	0.972483	0.972483	0x00F8F4A
3651	3.566010	0.972509	0.972508	0x00F8F65
3652	3.566987	0.972535	0.972535	0x00F8F81
3653	3.567964	0.972561	0.972561	0x00F8F9C
3654	3.568940	0.972587	0.972587	0x00F8FB7
3655	3.569917	0.972613	0.972613	0x00F8FD3
3656	3.570894	0.972639	0.972639	0x00F8FEE
3657	3.571870	0.972665	0.972665	0x00F9009
3658	3.572847	0.972691	0.972691	0x00F9024
3659	3.573824	0.972717	0.972717	0x00F9040
3660	3.574801	0.972743	0.972743	0x00F905B
3661	3.575777	0.972769	0.972769	0x00F9076
3662	3.576754	0.972795	0.972795	0x00F9091
3663	3.577731	0.972820	0.972820	0x00F90AC
3664	3.578707	0.972846	0.972846	0x00F90C7
3665	3.579684	0.972872	0.972872	0x00F90E2
3666	3.580661	0.972898	0.972898	0x00F90FD
3667	3.581638	0.972923	0.972923	0x00F9118
3668	3.582614	0.972949	0.972949	0x00F9133
3669	3.583591	0.972975	0.972975	0x00F914E
3670	3.584568	0.973001	0.973001	0x00F9169
3671	3.585545	0.973026	0.973026	0x00F9184
3672	3.586521	0.973052	0.973052	0x00F919F
3673	3.587498	0.973077	0.973078	0x00F91BA
3674	3.588475	0.973103	0.973103	0x00F91D4
3675	3.589451	0.973129	0.973128	0x00F91EF
3676	3.590428	0.973154	0.973154	0x00F920A
3677	3.591405	0.973180	0.973180	0x00F9225
3678	3.592382	0.973205	0.973205	0x00F923F
3679	3.593358	0.973231	0.973230	0x00F925A
3680	3.594335	0.973256	0.973256	0x00F9275
3681	3.595312	0.973281	0.973281	0x00F928F
3682	3.596288	0.973307	0.973307	0x00F92AA
3683	3.597265	0.973332	0.973332	0x00F92C5
3684	3.598242	0.973357	0.973357	0x00F92DF
3685	3.599219	0.973383	0.973383	0x00F92FA
3686	3.600195	0.973408	0.973408	0x00F9314
3687	3.601172	0.973433	0.973433	0x00F932F
3688	3.602149	0.973459	0.973458	0x00F9349
3689	3.603126	0.973484	0.973484	0x00F9364
3690	3.604102	0.973509	0.973509	0x00F937E
3691	3.605079	0.973534	0.973535	0x00F9399
3692	3.606056	0.973559	0.973559	0x00F93B3
3693	3.607032	0.973584	0.973584	0x00F93CD
3694	3.608009	0.973610	0.973610	0x00F93E8
3695	3.608986	0.973635	0.973635	0x00F9402
3696	3.609963	0.973660	0.973660	0x00F941C
3697	3.610939	0.973685	0.973684	0x00F9436
3698	3.611916	0.973710	0.973710	0x00F9451
3699	3.612893	0.973735	0.973735	0x00F946B
3700	3.613869	0.973760	0.973760	0x00F9485
3701	3.614846	0.973785	0.973784	0x00F949F
3702	3.615823	0.973810	0.973809	0x00F94B9
3703	3.616800	0.973834	0.973834	0x00F94D3
3704	3.617776	0.973859	0.973860	0x00F94EE
3705	3.618753	0.973884	0.973885	0x00F9508
3706	3.619730	0.973909	0.973909	0x00F9522
3707	3.620706	0.973934	0.973934	0x00F953C
3708	3.621683	0.973959	0.973959	0x00F9556
3709	3.622660	0.973983	0.973984	0x00F9570
3710	3.623637	0.974008	0.974009	0x00F958A
3711	3.624613	0.974033	0.974032	0x00F95A3
3712	3.625590	0.974058	0.974057	0x00F95BD
3713	3.626567	0.974082	0.974082	0x00F95D7
3714	3.627544	0.974107	0.974107	0x00F95F1
3715	3.628520	0.974131	0.974132	0x00F960B
3716	3.629497	0.974156	0.974156	0x00F9625
3717	3.630474	0.974181	0.974180	0x00F963E
3718	3.631450	0.974205	0.974205	0x00F9658
3719	3.632427	0.974230	0.974230	0x00F9672
3720	3.633404	0.974254	0.974255	0x00F968C
3721	3.634381	0.974279	0.974278	0x00F96A5
3722	3.635357	0.974303	0.974303	0x00F96BF
3723	3.636334	0.974328	0.974328	0x00F96D9
3724	3.637311	0.974352	0.974352	0x00F96F2
3725	3.638287	0.974376	0.974377	0x00F970C
3726	3.639264	0.974401	0.974401	0x00F9725
3727	3.640241	0.974425	0.974425	0x00F973F
3728	3.641218	0.974450	0.974449	0x00F9758
3729	3.642194	0.974474	0.974474	0x00F9772
3730	3.643171	0.974498	0.974498	0x00F978B
3731	3.644148	0.974522	0.974523	0x00F97A5
3732	3.645125	0.974547	0.974546	0x00F97BE
3733	3.646101	0.974571	0.974571	0x00F97D8
3734	3.647078	0.974595	0.974595	0x00F97F1
3735	3.648055	0.974619	0.974619	0x00F980A
3736	3.649031	0.974643	0.974644	0x00F9824
3737	3.650008	0.974667	0.974668	0x00F983D
3738	3.650985	0.974692	0.974691	0x00F9856
3739	3.651962	0.974716	0.974715	0x00F986F
3740	3.652938	0.974740	0.974740	0x00F9889
3741	3.653915	0.974764	0.974764	0x00F98A2
3742	3.654892	0.974788	0.974788	0x00F98BB
3743	3.655868	0.974812	0.974812	0x00F98D4
3744	3.656845	0.974836	0.974835	0x00F98ED
3745	3.657822	0.974860	0.974859	0x00F9906
3746	3.658799	0.974884	0.974884	0x00F9920
3747	3.659775	0.974908	0.974908	0x00F9939
3748	3.660752	0.974931	0.974932	0x00F9952
3749	3.661729	0.974955	0.974956	0x00F996B
3750	3.662706	0.974979	0.974979	0x00F9984
3751	3.663682	0.975003	0.975003	0x00F999D
3752	3.664659	0.975027	0.975027	0x00F99B6
3753	3.665636	0.975051	0.975051	0x00F99CF
3754	3.666612	0.975074	0.975074	0x00F99E7
3755	3.667589	0.975098	0.975098	0x00F9A00
3756	3.668566	0.975122	0.975121	0x00F9A19
3757	3.669543	0.975145	0.975145	0x00F9A32
3758	3.670519	0.975169	0.975169	0x00F9A4B
3759	3.671496	0.975193	0.975193	0x00F9A64
3760	3.672473	0.975216	0.975216	0x00F9A7C
3761	3.673449	0.975240	0.975240	0x00F9A95
3762	3.674426	0.975263	0.975264	0x00F9AAE
3763	3.675403	0.975287	0.975287	0x00F9AC7
3764	3.676380	0.975311	0.975310	0x00F9ADF
3765	3.677356	0.975334	0.975334	0x00F9AF8
3766	3.678333	0.975358	0.975358	0x00F9B11
3767	3.679310	0.975381	0.975381	0x00F9B29
3768	3.680287	0.975404	0.975405	0x00F9B42
3769	3.681263	0.975428	0.975428	0x00F9B5A
3770	3.682240	0.975451	0.975451	0x00F9B73
3771	3.683217	0.975475	0.975474	0x00F9B8B
3772	3.684193	0.975498	0.975498	0x00F9BA4
3773	3.685170	0.975521	0.975521	0x00F9BBC
3774	3.686147	0.975545	0.975545	0x00F9BD5
3775	3.687124	0.975568	0.975568	0x00F9BED
3776	3.688100	0.975591	0.975592	0x00F9C06
3777	3.689077	0.975614	0.975615	0x00F9C1E
3778	3.690054	0.975638	0.975637	0x00F9C36
3779	3.691030	0.975661	0.975661	0x00F9C4F
3780	3.692007	0.975684	0.975684	0x00F9C67
3781	3.692984	0.975707	0.975707	0x00F9C7F
3782	3.693961	0.975730	0.975730	0x00F9C97
3783	3.694937	0.975753	0.975754	0x00F9CB0
3784	3.695914	0.975777	0.975777	0x00F9CC8
3785	3.696891	0.975800	0.975800	0x00F9CE0
3786	3.697867	0.975823	0.975822	0x00F9CF8
3787	3.698844	0.975846	0.975845	0x00F9D10
3788	3.699821	0.975869	0.975869	0x00F9D29
3789	3.700798	0.975892	0.975892	0x00F9D41
3790	3.701774	0.975915	0.975915	0x00F9D59
3791	3.702751	0.975938	0.975938	0x00F9D71
3792	3.703728	0.975961	0.975961	0x00F9D89
3793	3.704705	0.975983	0.975984	0x00F9DA1
3794	3.705681	0.976006	0.976007	0x00F9DB9
3795	3.706658	0.976029	0.976029	0x00F9DD1
3796	3.707635	0.976052	0.976052	0x00F9DE9
3797	3.708611	0.976075	0.976075	0x00F9E01
3798	3.709588	0.976098	0.976098	0x00F9E19
3799	3.710565	0.976120	0.976121	0x00F9E31
3800	3.711542	0.976143	0.976143	0x00F9E48
3801	3.712518	0.976166	0.976166	0x00F9E60
3802	3.713495	0.976189	0.976189	0x00F9E78
3803	3.714472	0.976211	0.976212	0x00F9E90
3804	3.715448	0.976234	0.976234	0x00F9EA8
3805	3.716425	0.976257	0.976256	0x00F9EBF
3806	3.717402	0.976279	0.976279	0x00F9ED7
3807	3.718379	0.976302	0.976302	0x00F9EEF
3808	3.719355	0.976325	0.976324	0x00F9F06
3809	3.720332	0.976347	0.976347	0x00F9F1E
3810	3.721309	0.976370	0.976370	0x00F9F36
3811	3.722286	0.976392	0.976392	0x00F9F4D
3812	3.723262	0.976415	0.976415	0x00F9F65
3813	3.724239	0.976437	0.976438	0x00F9F7D
3814	3.725216	0.976460	0.976460	0x00F9F94
3815	3.726192	0.976482	0.976482	0x00F9FAC
3816	3.727169	0.976504	0.976504	0x00F9FC3
3817	3.728146	0.976527	0.976527	0x00F9FDB
3818	3.729123	0.976549	0.976549	0x00F9FF2
3819	3.730099	0.976572	0.976572	0x00FA00A
3820	3.731076	0.976594	0.976594	0x00FA021
3821	3.732053	0.976616	0.976616	0x00FA038
3822	3.733029	0.976639	0.976639	0x00FA050
3823	3.734006	0.976661	0.976661	0x00FA067
3824	3.734983	0.976683	0.976683	0x00FA07E
3825	3.735960	0.976705	0.976706	0x00FA096
3826	3.736936	0.976728	0.976727	0x00FA0AD
3827	3.737913	0.976750	0.976749	0x00FA0C4
3828	3.738890	0.976772	0.976772	0x00FA0DC
3829	3.739867	0.976794	0.976794	0x00FA0F3
3830	3.740843	0.976816	0.976816	0x00FA10A
3831	3.741820	0.976838	0.976838	0x00FA121
3832	3.742797	0.976860	0.976860	0x00FA138
3833	3.743773	0.976882	0.976882	0x00FA14F
3834	3.744750	0.976904	0.976905	0x00FA167
3835	3.745727	0.976927	0.976927	0x00FA17E
3836	3.746704	0.976949	0.976949	0x00FA195
3837	3.747680	0.976970	0.976971	0x00FA1AC
3838	3.748657	0.976992	0.976993	0x00FA1C3
3839	3.749634	0.977014	0.977015	0x00FA1DA
3840	3.750610	0.977036	0.977036	0x00FA1F1
3841	3.751587	0.977058	0.977058	0x00FA208
3842	3.752564	0.977080	0.977080	0x00FA21F
3843	3.753541	0.977102	0.977102	0x00FA236
3844	3.754517	0.977124	0.977124	0x00FA24D
3845	3.755494	0.977146	0.977145	0x00FA263
3846	3.756471	0.977167	0.977167	0x00FA27A
3847	3.757448	0.977189	0.977189	0x00FA291
3848	3.758424	0.977211	0.977211	0x00FA2A8
3849	3.759401	0.977233	0.977233	0x00FA2BF
3850	3.760378	0.977254	0.977255	0x00FA2D6
3851	3.761354	0.977276	0.977276	0x00FA2EC
3852	3.762331	0.977298	0.977298	0x00FA303
3853	3.763308	0.977319	0.977320	0x00FA31A
3854	3.764285	0.977341	0.977341	0x00FA330
3855	3.765261	0.977363	0.977363	0x00FA347
3856	3.766238	0.977384	0.977385	0x00FA35E
3857	3.767215	0.977406	0.977406	0x00FA374
3858	3.768191	0.977427	0.977427	0x00FA38B
3859	3.769168	0.977449	0.977449	0x00FA3A2
3860	3.770145	0.977471	0.977470	0x00FA3B8
3861	3.771122	0.977492	0.977492	0x00FA3CF
3862	3.772098	0.977514	0.977513	0x00FA3E5
3863	3.773075	0.977535	0.977535	0x00FA3FC
3864	3.774052	0.977556	0.977556	0x00FA412
3865	3.775028	0.977578	0.977578	0x00FA429
3866	3.776005	0.977599	0.977599	0x00FA43F
3867	3.776982	0.977621	0.977621	0x00FA456
3868	3.777959	0.977642	0.977642	0x00FA46C
3869	3.778935	0.977663	0.977663	0x00FA482
3870	3.779912	0.977685	0.977685	0x00FA499
3871	3.780889	0.977706	0.977706	0x00FA4AF
3872	3.781866	0.977727	0.977727	0x00FA4C5
3873	3.782842	0.977748	0.977749	0x00FA4DC
3874	3.783819	0.977770	0.977770	0x00FA4F2
3875	3.784796	0.977791	0.977791	0x00FA508
3876	3.785772	0.977812	0.977812	0x00FA51E
3877	3.786749	0.977833	0.977834	0x00FA535
3878	3.787726	0.977854	0.977855	0x00FA54B
3879	3.788703	0.977876	0.977876	0x00FA561
3880	3.789679	0.977897	0.977897	0x00FA577
3881	3.790656	0.977918	0.977918	0x00FA58D
3882	3.791633	0.977939	0.977939	0x00FA5A3
3883	3.792609	0.977960	0.977960	0x00FA5B9
3884	3.793586	0.977981	0.977981	0x00FA5CF
3885	3.794563	0.978002	0.978002	0x00FA5E5
3886	3.795540	0.978023	0.978024	0x00FA5FC
3887	3.796516	0.978044	0.978045	0x00FA612
3888	3.797493	0.978065	0.978065	0x00FA627
3889	3.798470	0.978086	0.978086	0x00FA63D
3890	3.799447	0.978107	0.978106	0x00FA653
3891	3.800423	0.978128	0.978127	0x00FA669
3892	3.801400	0.978149	0.978148	0x00FA67F
3893	3.802377	0.978170	0.978169	0x00FA695
3894	3.803353	0.978190	0.978190	0x00FA6AB
3895	3.804330	0.978211	0.978211	0x00FA6C1
3896	3.805307	0.978232	0.978232	0x00FA6D7
3897	3.806284	0.978253	0.978252	0x00FA6EC
3898	3.807260	0.978274	0.978273	0x00FA702
3899	3.808237	0.978294	0.978294	0x00FA718
3900	3.809214	0.978315	0.978315	0x00FA72E
3901	3.810190	0.978336	0.978335	0x00FA743
3902	3.811167	0.978356	0.978356	0x00FA759
3903	3.812144	0.978377	0.978377	0x00FA76F
3904	3.813121	0.978398	0.978397	0x00FA784
3905	3.814097	0.978418	0.978418	0x00FA79A
3906	3.815074	0.978439	0.978439	0x00FA7B0
3907	3.816051	0.978460	0.978459	0x00FA7C5
3908	3.817028	0.978480	0.978480	0x00FA7DB
3909	3.818004	0.978501	0.978500	0x00FA7F0
3910	3.818981	0.978521	0.978521	0x00FA806
3911	3.819958	0.978542	0.978541	0x00FA81B
3912	3.820934	0.978562	0.978562	0x00FA831
3913	3.821911	0.978583	0.978582	0x00FA846
3914	3.822888	0.978603	0.978603	0x00FA85C
3915	3.823865	0.978624	0.978623	0x00FA871
3916	3.824841	0.978644	0.978644	0x00FA887
3917	3.825818	0.978665	0.978664	0x00FA89C
3918	3.826795	0.978685	0.978685	0x00FA8B2
3919	3.827771	0.978705	0.978705	0x00FA8C7
3920	3.828748	0.978726	0.978725	0x00FA8DC
3921	3.829725	0.978746	0.978746	0x00FA8F2
3922	3.830702	0.978766	0.978766	0x00FA907
3923	3.831678	0.978787	0.978786	0x00FA91C
3924	3.832655	0.978807	0.978806	0x00FA931
3925	3.833632	0.978827	0.978827	0x00FA947
3926	3.834608	0.978847	0.978848	0x00FA95C
3927	3.835585	0.978868	0.978868	0x00FA971
3928	3.836562	0.978888	0.978888	0x00FA986
3929	3.837539	0.978908	0.978908	0x00FA99B
3930	3.838515	0.978928	0.978928	0x00FA9B0
3931	3.839492	0.978948	0.978949	0x00FA9C6
3932	3.840469	0.978968	0.978969	0x00FA9DB
3933	3.841446	0.978988	0.978989	0x00FA9F0
3934	3.842422	0.979008	0.979009	0x00FAA05
3935	3.843399	0.979029	0.979029	0x00FAA1A
3936	3.844376	0.979049	0.979049	0x00FAA2F
3937	3.845352	0.979069	0.979069	0x00FAA44
3938	3.846329	0.979089	0.979089	0x00FAA59
3939	3.847306	0.979109	0.979109	0x00FAA6E
3940	3.848283	0.979129	0.979129	0x00FAA83
3941	3.849259	0.979149	0.979149	0x00FAA98
3942	3.850236	0.979168	0.979169	0x00FAAAD
3943	3.851213	0.979188	0.979188	0x00FAAC1
3944	3.852189	0.979208	0.979208	0x00FAAD6
3945	3.853166	0.979228	0.979228	0x00FAAEB
3946	3.854143	0.979248	0.979248	0x00FAB00
3947	3.855120	0.979268	0.979268	0x00FAB15
3948	3.856096	0.979288	0.979288	0x00FAB2A
3949	3.857073	0.979307	0.979307	0x00FAB3E
3950	3.858050	0.979327	0.979327	0x00FAB53
3951	3.859027	0.979347	0.979347	0x00FAB68
3952	3.860003	0.979367	0.979366	0x00FAB7C
3953	3.860980	0.979386	0.979386	0x00FAB91
3954	3.861957	0.979406	0.979406	0x00FABA6
3955	3.862933	0.979426	0.979425	0x00FABBA
3956	3.863910	0.979446	0.979445	0x00FABCF
3957	3.864887	0.979465	0.979465	0x00FABE4
3958	3.865864	0.979485	0.979485	0x00FABF8
3959	3.866840	0.979504	0.979505	0x00FAC0D
3960	3.867817	0.979524	0.979524	0x00FAC21
3961	3.868794	0.979544	0.979544	0x00FAC36
3962	3.869770	0.979563	0.979563	0x00FAC4A
3963	3.870747	0.979583	0.979583	0x00FAC5F
3964	3.871724	0.979602	0.979602	0x00FAC73
3965	3.872701	0.979622	0.979622	0x00FAC88
3966	3.873677	0.979641	0.979641	0x00FAC9C
3967	3.874654	0.979661	0.979661	0x00FACB1
3968	3.875631	0.979680	0.979680	0x00FACC5
3969	3.876608	0.979700	0.979700	0x00FACDA
3970	3.877584	0.979719	0.979719	0x00FACEE
3971	3.878561	0.979738	0.979738	0x00FAD02
3972	3.879538	0.979758	0.979758	0x00FAD17
3973	3.880514	0.979777	0.979777	0x00FAD2B
3974	3.881491	0.979797	0.979796	0x00FAD3F
3975	3.882468	0.979816	0.979815	0x00FAD53
3976	3.883445	0.979835	0.979836	0x00FAD68
3977	3.884421	0.979854	0.979855	0x00FAD7C
3978	3.885398	0.979874	0.979874	0x00FAD90
3979	3.886375	0.979893	0.979893	0x00FADA4
3980	3.887351	0.979912	0.979912	0x00FADB8
3981	3.888328	0.979931	0.979932	0x00FADCD
3982	3.889305	0.979951	0.979951	0x00FADE1
3983	3.890282	0.979970	0.979970	0x00FADF5
3984	3.891258	0.979989	0.979989	0x00FAE09
3985	3.892235	0.980008	0.980008	0x00FAE1D
3986	3.893212	0.980027	0.980027	0x00FAE31
3987	3.894189	0.980046	0.980046	0x00FAE45
3988	3.895165	0.980065	0.980065	0x00FAE59
3989	3.896142	0.980085	0.980084	0x00FAE6D
3990	3.897119	0.980104	0.980103	0x00FAE81
3991	3.898095	0.980123	0.980123	0x00FAE95
3992	3.899072	0.980142	0.980142	0x00FAEA9
3993	3.900049	0.980161	0.980161	0x00FAEBD
3994	3.901026	0.980180	0.980180	0x00FAED1
3995	3.902002	0.980199	0.980199	0x00FAEE5
3996	3.902979	0.980218	0.980218	0x00FAEF9
3997	3.903956	0.980236	0.980236	0x00FAF0C
3998	3.904932	0.980255	0.980255	0x00FAF20
3999	3.905909	0.980274	0.980274	0x00FAF34
4000	3.906886	0.980293	0.980293	0x00FAF48
4001	3.907863	0.980312	0.980312	0x00FAF5C
4002	3.908839	0.980331	0.980330	0x00FAF6F
4003	3.909816	0.980350	0.980350	0x00FAF83
4004	3.910793	0.980368	0.980369	0x00FAF97
4005	3.911769	0.980387	0.980388	0x00FAFAB
4006	3.912746	0.980406	0.980406	0x00FAFBE
4007	3.913723	0.980425	0.980425	0x00FAFD2
4008	3.914700	0.980444	0.980444	0x00FAFE6
4009	3.915676	0.980462	0.980462	0x00FAFF9
4010	3.916653	0.980481	0.980481	0x00FB00D
4011	3.917630	0.980500	0.980499	0x00FB020
4012	3.918607	0.980518	0.980518	0x00FB034
4013	3.919583	0.980537	0.980537	0x00FB048
4014	3.920560	0.980556	0.980556	0x00FB05B
4015	3.921537	0.980574	0.980575	0x00FB06F
4016	3.922513	0.980593	0.980593	0x00FB082
4017	3.923490	0.980611	0.980612	0x00FB096
4018	3.924467	0.980630	0.980630	0x00FB0A9
4019	3.925444	0.980648	0.980648	0x00FB0BC
4020	3.926420	0.980667	0.980667	0x00FB0D0
4021	3.927397	0.980686	0.980685	0x00FB0E3
4022	3.928374	0.980704	0.980704	0x00FB0F7
4023	3.929350	0.980722	0.980722	0x00FB10A
4024	3.930327	0.980741	0.980741	0x00FB11D
4025	3.931304	0.980759	0.980760	0x00FB131
4026	3.932281	0.980778	0.980778	0x00FB144
4027	3.933257	0.980796	0.980796	0x00FB157
4028	3.934234	0.980815	0.980815	0x00FB16B
4029	3.935211	0.980833	0.980833	0x00FB17E
4030	3.936188	0.980851	0.980851	0x00FB191
4031	3.937164	0.980870	0.980869	0x00FB1A4
4032	3.938141	0.980888	0.980888	0x00FB1B8
4033	3.939118	0.980906	0.980906	0x00FB1CB
4034	3.940094	0.980925	0.980925	0x00FB1DE
4035	3.941071	0.980943	0.980943	0x00FB1F1
4036	3.942048	0.980961	0.980961	0x00FB204
4037	3.943025	0.980979	0.980979	0x00FB217
4038	3.944001	0.980998	0.980997	0x00FB22A
4039	3.944978	0.981016	0.981016	0x00FB23E
4040	3.945955	0.981034	0.981034	0x00FB251
4041	3.946931	0.981052	0.981052	0x00FB264
4042	3.947908	0.981070	0.981071	0x00FB277
4043	3.948885	0.981088	0.981089	0x00FB28A
4044	3.949862	0.981106	0.981107	0x00FB29D
4045	3.950838	0.981125	0.981125	0x00FB2B0
4046	3.951815	0.981143	0.981143	0x00FB2C3
4047	3.952792	0.981161	0.981161	0x00FB2D6
4048	3.953769	0.981179	0.981178	0x00FB2E8
4049	3.954745	0.981197	0.981196	0x00FB2FB
4050	3.955722	0.981215	0.981215	0x00FB30E
4051	3.956699	0.981233	0.981233	0x00FB321
4052	3.957675	0.981251	0.981251	0x00FB334
4053	3.958652	0.981269	0.981269	0x00FB347
4054	3.959629	0.981287	0.981287	0x00FB35A
4055	3.960606	0.981305	0.981304	0x00FB36C
4056	3.961582	0.981323	0.981322	0x00FB37F
4057	3.962559	0.981340	0.981340	0x00FB392
4058	3.963536	0.981358	0.981359	0x00FB3A5
4059	3.964512	0.981376	0.981376	0x00FB3B7
4060	3.965489	0.981394	0.981394	0x00FB3CA
4061	3.966466	0.981412	0.981412	0x00FB3DD
4062	3.967443	0.981430	0.981430	0x00FB3F0
4063	3.968419	0.981447	0.981447	0x00FB402
4064	3.969396	0.981465	0.981465	0x00FB415
4065	3.970373	0.981483	0.981483	0x00FB427
4066	3.971350	0.981501	0.981501	0x00FB43A
4067	3.972326	0.981518	0.981519	0x00FB44D
4068	3.973303	0.981536	0.981536	0x00FB45F
4069	3.974280	0.981554	0.981554	0x00FB472
4070	3.975256	0.981571	0.981571	0x00FB484
4071	3.976233	0.981589	0.981589	0x00FB497
4072	3.977210	0.981607	0.981606	0x00FB4A9
4073	3.978187	0.981624	0.981625	0x00FB4BC
4074	3.979163	0.981642	0.981642	0x00FB4CE
4075	3.980140	0.981660	0.981660	0x00FB4E1
4076	3.981117	0.981677	0.981677	0x00FB4F3
4077	3.982093	0.981695	0.981695	0x00FB506
4078	3.983070	0.981712	0.981712	0x00FB518
4079	3.984047	0.981730	0.981730	0x00FB52A
4080	3.985024	0.981747	0.981748	0x00FB53D
4081	3.986000	0.981765	0.981765	0x00FB54F
4082	3.986977	0.981782	0.981782	0x00FB561
4083	3.987954	0.981800	0.981800	0x00FB574
4084	3.988930	0.981817	0.981817	0x00FB586
4085	3.989907	0.981835	0.981834	0x00FB598
4086	3.990884	0.981852	0.981853	0x00FB5AB
4087	3.991861	0.981869	0.981870	0x00FB5BD
4088	3.992837	0.981887	0.981887	0x00FB5CF
4089	3.993814	0.981904	0.981904	0x00FB5E1
4090	3.994791	0.981922	0.981921	0x00FB5F3
4091	3.995768	0.981939	0.981939	0x00FB606
4092	3.996744	0.981956	0.981956	0x00FB618
4093	3.997721	0.981973	0.981974	0x00FB62A
4094	3.998698	0.981991	0.981991	0x00FB63C
4095	3.999674	0.982008	0.982008	0x00FB64E
4096	4.000651	0.982025	0.982025	0x00FB660
4097	4.001628	0.982043	0.982042	0x00FB672
4098	4.002605	0.982060	0.982059	0x00FB684
4099	4.003581	0.982077	0.982077	0x00FB696
4100	4.004558	0.982094	0.982094	0x00FB6A8
4101	4.005535	0.982111	0.982111	0x00FB6BA
4102	4.006511	0.982128	0.982128	0x00FB6CC
4103	4.007488	0.982146	0.982145	0x00FB6DE
4104	4.008465	0.982163	0.982162	0x00FB6F0
4105	4.009442	0.982180	0.982180	0x00FB702
4106	4.010418	0.982197	0.982197	0x00FB714
4107	4.011395	0.982214	0.982214	0x00FB726
4108	4.012372	0.982231	0.982231	0x00FB738
4109	4.013349	0.982248	0.982248	0x00FB74A
4110	4.014325	0.982265	0.982265	0x00FB75C
4111	4.015302	0.982282	0.982282	0x00FB76D
4112	4.016279	0.982299	0.982299	0x00FB77F
4113	4.017255	0.982316	0.982316	0x00FB791
4114	4.018232	0.982333	0.982333	0x00FB7A3
4115	4.019209	0.982350	0.982350	0x00FB7B5
4116	4.020186	0.982367	0.982367	0x00FB7C6
4117	4.021162	0.982384	0.982384	0x00FB7D8
4118	4.022139	0.982401	0.982401	0x00FB7EA
4119	4.023116	0.982418	0.982417	0x00FB7FB
4120	4.024092	0.982434	0.982434	0x00FB80D
4121	4.025069	0.982451	0.982451	0x00FB81F
4122	4.026046	0.982468	0.982468	0x00FB830
4123	4.027023	0.982485	0.982485	0x00FB842
4124	4.027999	0.982502	0.982502	0x00FB854
4125	4.028976	0.982519	0.982518	0x00FB865
4126	4.029953	0.982535	0.982535	0x00FB877
4127	4.030930	0.982552	0.982552	0x00FB888
4128	4.031906	0.982569	0.982569	0x00FB89A
4129	4.032883	0.982585	0.982586	0x00FB8AC
4130	4.033860	0.982602	0.982602	0x00FB8BD
4131	4.034836	0.982619	0.982619	0x00FB8CF
4132	4.035813	0.982636	0.982635	0x00FB8E0
4133	4.036790	0.982652	0.982653	0x00FB8F2
4134	4.037767	0.982669	0.982669	0x00FB903
4135	4.038743	0.982685	0.982685	0x00FB914
4136	4.039720	0.982702	0.982702	0x00FB926
4137	4.040697	0.982719	0.982718	0x00FB937
4138	4.041673	0.982735	0.982736	0x00FB949
4139	4.042650	0.982752	0.982752	0x00FB95A
4140	4.043627	0.982768	0.982768	0x00FB96B
4141	4.044604	0.982785	0.982785	0x00FB97D
4142	4.045580	0.982801	0.982801	0x00FB98E
4143	4.046557	0.982818	0.982818	0x00FB99F
4144	4.047534	0.982834	0.982835	0x00FB9B1
4145	4.048510	0.982851	0.982851	0x00FB9C2
4146	4.049487	0.982867	0.982867	0x00FB9D3
4147	4.050464	0.982884	0.982883	0x00FB9E4
4148	4.051441	0.982900	0.982901	0x00FB9F6
4149	4.052417	0.982917	0.982917	0x00FBA07
4150	4.053394	0.982933	0.982933	0x00FBA18
4151	4.054371	0.982949	0.982949	0x00FBA29
4152	4.055348	0.982966	0.982965	0x00FBA3A
4153	4.056324	0.982982	0.982982	0x00FBA4B
4154	4.057301	0.982998	0.982999	0x00FBA5D
4155	4.058278	0.983015	0.983015	0x00FBA6E
4156	4.059254	0.983031	0.983031	0x00FBA7F
4157	4.060231	0.983047	0.983047	0x00FBA90
4158	4.061208	0.983064	0.983064	0x00FBAA1
4159	4.062185	0.983080	0.983080	0x00FBAB2
4160	4.063161	0.983096	0.983096	0x00FBAC3
4161	4.064138	0.983112	0.983112	0x00FBAD4
4162	4.065115	0.983129	0.983129	0x00FBAE5
4163	4.066091	0.983145	0.983145	0x00FBAF6
4164	4.067068	0.983161	0.983161	0x00FBB07
4165	4.068045	0.983177	0.983177	0x00FBB18
4166	4.069022	0.983193	0.983193	0x00FBB29
4167	4.069998	0.983209	0.983210	0x00FBB3A
4168	4.070975	0.983225	0.983226	0x00FBB4B
4169	4.071952	0.983242	0.983241	0x00FBB5B
4170	4.072929	0.983258	0.983257	0x00FBB6C
4171	4.073905	0.983274	0.983274	0x00FBB7D
4172	4.074882	0.983290	0.983290	0x00FBB8E
4173	4.075859	0.983306	0.983306	0x00FBB9F
4174	4.076835	0.983322	0.983322	0x00FBBB0
4175	4.077812	0.983338	0.983337	0x00FBBC0
4176	4.078789	0.983354	0.983354	0x00FBBD1
4177	4.079766	0.983370	0.983370	0x00FBBE2
4178	4.080742	0.983386	0.983386	0x00FBBF3
4179	4.081719	0.983402	0.983401	0x00FBC03
4180	4.082696	0.983418	0.983418	0x00FBC14
4181	4.083672	0.983434	0.983434	0x00FBC25
4182	4.084649	0.983449	0.983450	0x00FBC36
4183	4.085626	0.983465	0.983465	0x00FBC46
4184	4.086603	0.983481	0.983481	0x00FBC57
4185	4.087579	0.983497	0.983497	0x00FBC67
4186	4.088556	0.983513	0.983513	0x00FBC78
4187	4.089533	0.983529	0.983529	0x00FBC89
4188	4.090510	0.983545	0.983544	0x00FBC99
4189	4.091486	0.983560	0.983561	0x00FBCAA
4190	4.092463	0.983576	0.983576	0x00FBCBA
4191	4.093440	0.983592	0.983592	0x00FBCCB
4192	4.094416	0.983608	0.983607	0x00FBCDB
4193	4.095393	0.983623	0.983624	0x00FBCEC
4194	4.096370	0.983639	0.983639	0x00FBCFC
4195	4.097347	0.983655	0.983655	0x00FBD0D
4196	4.098323	0.983671	0.983670	0x00FBD1D
4197	4.099300	0.983686	0.983686	0x00FBD2E
4198	4.100277	0.983702	0.983702	0x00FBD3E
4199	4.101253	0.983718	0.983718	0x00FBD4F
4200	4.102230	0.983733	0.983733	0x00FBD5F
4201	4.103207	0.983749	0.983748	0x00FBD6F
4202	4.104184	0.983764	0.983765	0x00FBD80
4203	4.105160	0.983780	0.983780	0x00FBD90
4204	4.106137	0.983796	0.983795	0x00FBDA0
4205	4.107114	0.983811	0.983811	0x00FBDB1
4206	4.108091	0.983827	0.983827	0x00FBDC1
4207	4.109067	0.983842	0.983842	0x00FBDD1
4208	4.110044	0.983858	0.983858	0x00FBDE2
4209	4.111021	0.983873	0.983873	0x00FBDF2
4210	4.111997	0.983889	0.983889	0x00FBE02
4211	4.112974	0.983904	0.983904	0x00FBE12
4212	4.113951	0.983920	0.983920	0x00FBE23
4213	4.114928	0.983935	0.983935	0x00FBE33
4214	4.115904	0.983951	0.983951	0x00FBE43
4215	4.116881	0.983966	0.983966	0x00FBE53
4216	4.117858	0.983981	0.983981	0x00FBE63
4217	4.118834	0.983997	0.983996	0x00FBE73
4218	4.119811	0.984012	0.984013	0x00FBE84
4219	4.120788	0.984028	0.984028	0x00FBE94
4220	4.121765	0.984043	0.984043	0x00FBEA4
4221	4.122741	0.984058	0.984058	0x00FBEB4
4222	4.123718	0.984074	0.984074	0x00FBEC4
4223	4.124695	0.984089	0.984089	0x00FBED4
4224	4.125671	0.984104	0.984104	0x00FBEE4
4225	4.126648	0.984119	0.984119	0x00FBEF4
4226	4.127625	0.984135	0.984135	0x00FBF04
4227	4.128602	0.984150	0.984150	0x00FBF14
4228	4.129578	0.984165	0.984165	0x00FBF24
4229	4.130555	0.984180	0.984180	0x00FBF34
4230	4.131532	0.984196	0.984196	0x00FBF44
4231	4.132509	0.984211	0.984211	0x00FBF54
4232	4.133485	0.984226	0.984226	0x00FBF64
4233	4.134462	0.984241	0.984241	0x00FBF74
4234	4.135439	0.984256	0.984256	0x00FBF83
4235	4.136415	0.984271	0.984271	0x00FBF93
4236	4.137392	0.984286	0.984286	0x00FBFA3
4237	4.138369	0.984302	0.984302	0x00FBFB3
4238	4.139346	0.984317	0.984317	0x00FBFC3
4239	4.140322	0.984332	0.984332	0x00FBFD3
4240	4.141299	0.984347	0.984346	0x00FBFE2
4241	4.142276	0.984362	0.984362	0x00FBFF2
4242	4.143252	0.984377	0.984377	0x00FC002
4243	4.144229	0.984392	0.984392	0x00FC012
4244	4.145206	0.984407	0.984406	0x00FC021
4245	4.146183	0.984422	0.984422	0x00FC031
4246	4.147159	0.984437	0.984437	0x00FC041
4247	4.148136	0.984452	0.984451	0x00FC050
4248	4.149113	0.984467	0.984467	0x00FC060
4249	4.150090	0.984482	0.984482	0x00FC070
4250	4.151066	0.984497	0.984496	0x00FC07F
4251	4.152043	0.984511	0.984511	0x00FC08F
4252	4.153020	0.984526	0.984527	0x00FC09F
4253	4.153996	0.984541	0.984541	0x00FC0AE
4254	4.154973	0.984556	0.984556	0x00FC0BE
4255	4.155950	0.984571	0.984571	0x00FC0CD
4256	4.156927	0.984586	0.984586	0x00FC0DD
4257	4.157903	0.984601	0.984600	0x00FC0EC
4258	4.158880	0.984615	0.984615	0x00FC0FC
4259	4.159857	0.984630	0.984631	0x00FC10C
4260	4.160833	0.984645	0.984645	0x00FC11B
4261	4.161810	0.984660	0.984659	0x00FC12A
4262	4.162787	0.984674	0.984674	0x00FC13A
4263	4.163764	0.984689	0.984689	0x00FC149
4264	4.164740	0.984704	0.984704	0x00FC159
4265	4.165717	0.984719	0.984718	0x00FC168
4266	4.166694	0.984733	0.984734	0x00FC178
4267	4.167671	0.984748	0.984748	0x00FC187
4268	4.168647	0.984763	0.984762	0x00FC196
4269	4.169624	0.984777	0.984777	0x00FC1A6
4270	4.170601	0.984792	0.984792	0x00FC1B5
4271	4.171577	0.984806	0.984806	0x00FC1C4
4272	4.172554	0.984821	0.984821	0x00FC1D4
4273	4.173531	0.984836	0.984836	0x00FC1E3
4274	4.174508	0.984850	0.984850	0x00FC1F2
4275	4.175484	0.984865	0.984865	0x00FC202
4276	4.176461	0.984879	0.984879	0x00FC211
4277	4.177438	0.984894	0.984894	0x00FC220
4278	4.178414	0.984908	0.984908	0x00FC22F
4279	4.179391	0.984923	0.984923	0x00FC23F
4280	4.180368	0.984937	0.984938	0x00FC24E
4281	4.181345	0.984952	0.984952	0x00FC25D
4282	4.182321	0.984966	0.984966	0x00FC26C
4283	4.183298	0.984981	0.984981	0x00FC27B
4284	4.184275	0.984995	0.984995	0x00FC28A
4285	4.185252	0.985010	0.985010	0x00FC29A
4286	4.186228	0.985024	0.985024	0x00FC2A9
4287	4.187205	0.985039	0.985039	0x00FC2B8
4288	4.188182	0.985053	0.985053	0x00FC2C7
4289	4.189158	0.985067	0.985067	0x00FC2D6
4290	4.190135	0.985082	0.985082	0x00FC2E5
4291	4.191112	0.985096	0.985096	0x00FC2F4
4292	4.192089	0.985110	0.985110	0x00FC303
4293	4.193065	0.985125	0.985125	0x00FC312
4294	4.194042	0.985139	0.985139	0x00FC321
4295	4.195019	0.985153	0.985153	0x00FC330
4296	4.195995	0.985168	0.985168	0x00FC33F
4297	4.196972	0.985182	0.985182	0x00FC34E
4298	4.197949	0.985196	0.985196	0x00FC35D
4299	4.198926	0.985210	0.985210	0x00FC36C
4300	4.199902	0.985225	0.985225	0x00FC37B
4301	4.200879	0.985239	0.985239	0x00FC38A
4302	4.201856	0.985253	0.985253	0x00FC399
4303	4.202832	0.985267	0.985267	0x00FC3A7
4304	4.203809	0.985281	0.985281	0x00FC3B6
4305	4.204786	0.985295	0.985295	0x00FC3C5
4306	4.205763	0.985310	0.985310	0x00FC3D4
4307	4.206739	0.985324	0.985324	0x00FC3E3
4308	4.207716	0.985338	0.985338	0x00FC3F2
4309	4.208693	0.985352	0.985352	0x00FC400
4310	4.209670	0.985366	0.985366	0x00FC40F
4311	4.210646	0.985380	0.985380	0x00FC41E
4312	4.211623	0.985394	0.985394	0x00FC42D
4313	4.212600	0.985408	0.985408	0x00FC43B
4314	4.213576	0.985422	0.985422	0x00FC44A
4315	4.214553	0.985436	0.985436	0x00FC459
4316	4.215530	0.985450	0.985451	0x00FC468
4317	4.216507	0.985464	0.985464	0x00FC476
4318	4.217483	0.985478	0.985478	0x00FC485
4319	4.218460	0.985492	0.985493	0x00FC494
4320	4.219437	0.985506	0.985506	0x00FC4A2
4321	4.220413	0.985520	0.985520	0x00FC4B1
4322	4.221390	0.985534	0.985534	0x00FC4BF
4323	4.222367	0.985548	0.985548	0x00FC4CE
4324	4.223344	0.985562	0.985562	0x00FC4DD
4325	4.224320	0.985576	0.985576	0x00FC4EB
4326	4.225297	0.985590	0.985590	0x00FC4FA
4327	4.226274	0.985604	0.985603	0x00FC508
4328	4.227251	0.985617	0.985618	0x00FC517
4329	4.228227	0.985631	0.985631	0x00FC525
4330	4.229204	0.985645	0.985645	0x00FC534
4331	4.230181	0.985659	0.985659	0x00FC542
4332	4.231157	0.985673	0.985673	0x00FC551
4333	4.232134	0.985686	0.985686	0x00FC55F
4334	4.233111	0.985700	0.985701	0x00FC56E
4335	4.234088	0.985714	0.985714	0x00FC57C
4336	4.235064	0.985728	0.985727	0x00FC58A
4337	4.236041	0.985742	0.985742	0x00FC599
4338	4.237018	0.985755	0.985755	0x00FC5A7
4339	4.237994	0.985769	0.985769	0x00FC5B6
4340	4.238971	0.985783	0.985783	0x00FC5C4
4341	4.239948	0.985796	0.985796	0x00FC5D2
4342	4.240925	0.985810	0.985810	0x00FC5E1
4343	4.241901	0.985824	0.985824	0x00FC5EF
4344	4.242878	0.985837	0.985837	0x00FC5FD
4345	4.243855	0.985851	0.985851	0x00FC60C
4346	4.244832	0.985865	0.985865	0x00FC61A
4347	4.245808	0.985878	0.985878	0x00FC628
4348	4.246785	0.985892	0.985891	0x00FC636
4349	4.247762	0.985905	0.985906	0x00FC645
4350	4.248738	0.985919	0.985919	0x00FC653
4351	4.249715	0.985932	0.985932	0x00FC661
4352	4.250692	0.985946	0.985946	0x00FC66F
4353	4.251669	0.985959	0.985959	0x00FC67D
4354	4.252645	0.985973	0.985973	0x00FC68C
4355	4.253622	0.985987	0.985987	0x00FC69A
4356	4.254599	0.986000	0.986000	0x00FC6A8
4357	4.255575	0.986013	0.986013	0x00FC6B6
4358	4.256552	0.986027	0.986027	0x00FC6C4
4359	4.257529	0.986040	0.986040	0x00FC6D2
4360	4.258506	0.986054	0.986053	0x00FC6E0
4361	4.259482	0.986067	0.986067	0x00FC6EE
4362	4.260459	0.986081	0.986081	0x00FC6FD
4363	4.261436	0.986094	0.986094	0x00FC70B
4364	4.262413	0.986107	0.986108	0x00FC719
4365	4.263389	0.986121	0.986121	0x00FC727
4366	4.264366	0.986134	0.986135	0x00FC735
4367	4.265343	0.986148	0.986148	0x00FC743
4368	4.266319	0.986161	0.986161	0x00FC751
4369	4.267296	0.986174	0.986175	0x00FC75F
4370	4.268273	0.986188	0.986188	0x00FC76D
4371	4.269250	0.986201	0.986200	0x00FC77A
4372	4.270226	0.986214	0.986214	0x00FC788
4373	4.271203	0.986227	0.986227	0x00FC796
4374	4.272180	0.986241	0.986240	0x00FC7A4
4375	4.273156	0.986254	0.986254	0x00FC7B2
4376	4.274133	0.986267	0.986267	0x00FC7C0
4377	4.275110	0.986280	0.986280	0x00FC7CE
4378	4.276087	0.986294	0.986294	0x00FC7DC
4379	4.277063	0.986307	0.986307	0x00FC7EA
4380	4.278040	0.986320	0.986320	0x00FC7F7
4381	4.279017	0.986333	0.986333	0x00FC805
4382	4.279993	0.986346	0.986346	0x00FC813
4383	4.280970	0.986359	0.986360	0x00FC821
4384	4.281947	0.986373	0.986373	0x00FC82F
4385	4.282924	0.986386	0.986385	0x00FC83C
4386	4.283900	0.986399	0.986399	0x00FC84A
4387	4.284877	0.986412	0.986412	0x00FC858
4388	4.285854	0.986425	0.986425	0x00FC866
4389	4.286831	0.986438	0.986438	0x00FC873
4390	4.287807	0.986451	0.986451	0x00FC881
4391	4.288784	0.986464	0.986465	0x00FC88F
4392	4.289761	0.986477	0.986477	0x00FC89C
4393	4.290737	0.986490	0.986490	0x00FC8AA
4394	4.291714	0.986503	0.986504	0x00FC8B8
4395	4.292691	0.986516	0.986516	0x00FC8C5
4396	4.293668	0.986529	0.986529	0x00FC8D3
4397	4.294644	0.986542	0.986542	0x00FC8E0
4398	4.295621	0.986555	0.986555	0x00FC8EE
4399	4.296598	0.986568	0.986568	0x00FC8FC
4400	4.297574	0.986581	0.986581	0x00FC909
4401	4.298551	0.986594	0.986594	0x00FC917
4402	4.299528	0.986607	0.986607	0x00FC924
4403	4.300505	0.986620	0.986620	0x00FC932
4404	4.301481	0.986633	0.986632	0x00FC93F
4405	4.302458	0.986646	0.986646	0x00FC94D
4406	4.303435	0.986658	0.986658	0x00FC95A
4407	4.304412	0.986671	0.986671	0x00FC968
4408	4.305388	0.986684	0.986684	0x00FC975
4409	4.306365	0.986697	0.986697	0x00FC983
4410	4.307342	0.986710	0.986710	0x00FC990
4411	4.308318	0.986723	0.986723	0x00FC99E
4412	4.309295	0.986735	0.986735	0x00FC9AB
4413	4.310272	0.986748	0.986748	0x00FC9B8
4414	4.311249	0.986761	0.986761	0x00FC9C6
4415	4.312225	0.986774	0.986773	0x00FC9D3
4416	4.313202	0.986786	0.986786	0x00FC9E0
4417	4.314179	0.986799	0.986799	0x00FC9EE
4418	4.315155	0.986812	0.986812	0x00FC9FB
4419	4.316132	0.986824	0.986824	0x00FCA08
4420	4.317109	0.986837	0.986837	0x00FCA16
4421	4.318086	0.986850	0.986850	0x00FCA23
4422	4.319062	0.986863	0.986862	0x00FCA30
4423	4.320039	0.986875	0.986876	0x00FCA3E
4424	4.321016	0.986888	0.986888	0x00FCA4B
4425	4.321993	0.986900	0.986900	0x00FCA58
4426	4.322969	0.986913	0.986913	0x00FCA65
4427	4.323946	0.986926	0.986926	0x00FCA73
4428	4.324923	0.986938	0.986938	0x00FCA80
4429	4.325899	0.986951	0.986951	0x00FCA8D
4430	4.326876	0.986963	0.986963	0x00FCA9A
4431	4.327853	0.986976	0.986976	0x00FCAA7
4432	4.328830	0.986989	0.986989	0x00FCAB5
4433	4.329806	0.987001	0.987001	0x00FCAC2
4434	4.330783	0.987014	0.987014	0x00FCACF
4435	4.331760	0.987026	0.987026	0x00FCADC
4436	4.332736	0.987039	0.987039	0x00FCAE9
4437	4.333713	0.987051	0.987051	0x00FCAF6
4438	4.334690	0.987064	0.987063	0x00FCB03
4439	4.335667	0.987076	0.987076	0x00FCB10
4440	4.336643	0.987089	0.987088	0x00FCB1D
4441	4.337620	0.987101	0.987101	0x00FCB2A
4442	4.338597	0.987113	0.987113	0x00FCB37
4443	4.339573	0.987126	0.987125	0x00FCB44
4444	4.340550	0.987138	0.987138	0x00FCB51
4445	4.341527	0.987151	0.987150	0x00FCB5E
4446	4.342504	0.987163	0.987163	0x00FCB6B
4447	4.343480	0.987175	0.987175	0x00FCB78
4448	4.344457	0.987188	0.987187	0x00FCB85
4449	4.345434	0.987200	0.987200	0x00FCB92
4450	4.346411	0.987212	0.987212	0x00FCB9F
4451	4.347387	0.987225	0.987225	0x00FCBAC
4452	4.348364	0.987237	0.987237	0x00FCBB9
4453	4.349341	0.987249	0.987249	0x00FCBC6
4454	4.350317	0.987262	0.987262	0x00FCBD3
4455	4.351294	0.987274	0.987274	0x00FCBE0
4456	4.352271	0.987286	0.987287	0x00FCBED
4457	4.353248	0.987298	0.987298	0x00FCBF9
4458	4.354224	0.987311	0.987310	0x00FCC06
4459	4.355201	0.987323	0.987323	0x00FCC13
4460	4.356178	0.987335	0.987335	0x00FCC20
4461	4.357154	0.987347	0.987348	0x00FCC2D
4462	4.358131	0.987360	0.987360	0x00FCC3A
4463	4.359108	0.987372	0.987371	0x00FCC46
4464	4.360085	0.987384	0.987384	0x00FCC53
4465	4.361061	0.987396	0.987396	0x00FCC60
4466	4.362038	0.987408	0.987409	0x00FCC6D
4467	4.363015	0.987420	0.987420	0x00FCC79
4468	4.363992	0.987432	0.987432	0x00FCC86
4469	4.364968	0.987445	0.987445	0x00FCC93
4470	4.365945	0.987457	0.987456	0x00FCC9F
4471	4.366922	0.987469	0.987469	0x00FCCAC
4472	4.367898	0.987481	0.987481	0x00FCCB9
4473	4.368875	0.987493	0.987493	0x00FCCC5
4474	4.369852	0.987505	0.987505	0x00FCCD2
4475	4.370829	0.987517	0.987517	0x00FCCDF
4476	4.371805	0.987529	0.987529	0x00FCCEB
4477	4.372782	0.987541	0.987541	0x00FCCF8
4478	4.373759	0.987553	0.987553	0x00FCD04
4479	4.374735	0.987565	0.987565	0x00FCD11
4480	4.375712	0.987577	0.987577	0x00FCD1E
4481	4.376689	0.987589	0.987589	0x00FCD2A
4482	4.377666	0.987601	0.987601	0x00FCD37
4483	4.378642	0.987613	0.987613	0x00FCD43
4484	4.379619	0.987625	0.987625	0x00FCD50
4485	4.380596	0.987637	0.987637	0x00FCD5C
4486	4.381573	0.987649	0.987649	0x00FCD69
4487	4.382549	0.987661	0.987660	0x00FCD75
4488	4.383526	0.987673	0.987673	0x00FCD82
4489	4.384503	0.987684	0.987684	0x00FCD8E
4490	4.385479	0.987696	0.987697	0x00FCD9B
4491	4.386456	0.987708	0.987708	0x00FCDA7
4492	4.387433	0.987720	0.987720	0x00FCDB4
4493	4.388410	0.987732	0.987732	0x00FCDC0
4494	4.389386	0.987744	0.987743	0x00FCDCC
4495	4.390363	0.987756	0.987756	0x00FCDD9
4496	4.391340	0.987767	0.987767	0x00FCDE5
4497	4.392316	0.987779	0.987780	0x00FCDF2
4498	4.393293	0.987791	0.987791	0x00FCDFE
4499	4.394270	0.987803	0.987803	0x00FCE0A
4500	4.395247	0.987814	0.987815	0x00FCE17
4501	4.396223	0.987826	0.987826	0x00FCE23
4502	4.397200	0.987838	0.987838	0x00FCE2F
4503	4.398177	0.987850	0.987849	0x00FCE3B
4504	4.399154	0.987861	0.987862	0x00FCE48
4505	4.400130	0.987873	0.987873	0x00FCE54
4506	4.401107	0.987885	0.987885	0x00FCE60
4507	4.402084	0.987897	0.987897	0x00FCE6D
4508	4.403060	0.987908	0.987908	0x00FCE79
4509	4.404037	0.987920	0.987920	0x00FCE85
4510	4.405014	0.987931	0.987931	0x00FCE91
4511	4.405991	0.987943	0.987943	0x00FCE9D
4512	4.406967	0.987955	0.987955	0x00FCEAA
4513	4.407944	0.987966	0.987967	0x00FCEB6
4514	4.408921	0.987978	0.987978	0x00FCEC2
4515	4.409897	0.987990	0.987989	0x00FCECE
4516	4.410874	0.988001	0.988001	0x00FCEDA
4517	4.411851	0.988013	0.988012	0x00FCEE6
4518	4.412828	0.988024	0.988025	0x00FCEF3
4519	4.413804	0.988036	0.988036	0x00FCEFF
4520	4.414781	0.988047	0.988048	0x00FCF0B
4521	4.415758	0.988059	0.988059	0x00FCF17
4522	4.416734	0.988070	0.988070	0x00FCF23
4523	4.417711	0.988082	0.988082	0x00FCF2F
4524	4.418688	0.988093	0.988093	0x00FCF3B
4525	4.419665	0.988105	0.988105	0x00FCF47
4526	4.420641	0.988116	0.988116	0x00FCF53
4527	4.421618	0.988128	0.988128	0x00FCF5F
4528	4.422595	0.988139	0.988139	0x00FCF6B
4529	4.423572	0.988151	0.988151	0x00FCF77
4530	4.424548	0.988162	0.988162	0x00FCF83
4531	4.425525	0.988174	0.988173	0x00FCF8F
4532	4.426502	0.988185	0.988185	0x00FCF9B
4533	4.427478	0.988196	0.988196	0x00FCFA7
4534	4.428455	0.988208	0.988208	0x00FCFB3
4535	4.429432	0.988219	0.988219	0x00FCFBF
4536	4.430409	0.988231	0.988231	0x00FCFCB
4537	4.431385	0.988242	0.988242	0x00FCFD7
4538	4.432362	0.988253	0.988254	0x00FCFE3
4539	4.433339	0.988265	0.988265	0x00FCFEF
4540	4.434315	0.988276	0.988276	0x00FCFFA
4541	4.435292	0.988287	0.988287	0x00FD006
4542	4.436269	0.988299	0.988298	0x00FD012
4543	4.437246	0.988310	0.988310	0x00FD01E
4544	4.438222	0.988321	0.988321	0x00FD02A
4545	4.439199	0.988332	0.988333	0x00FD036
4546	4.440176	0.988344	0.988343	0x00FD041
4547	4.441153	0.988355	0.988355	0x00FD04D
4548	4.442129	0.988366	0.988366	0x00FD059
4549	4.443106	0.988377	0.988378	0x00FD065
4550	4.444083	0.988389	0.988388	0x00FD070
4551	4.445059	0.988400	0.988400	0x00FD07C
4552	4.446036	0.988411	0.988411	0x00FD088
4553	4.447013	0.988422	0.988422	0x00FD094
4554	4.447990	0.988433	0.988433	0x00FD09F
4555	4.448966	0.988444	0.988444	0x00FD0AB
4556	4.449943	0.988456	0.988456	0x00FD0B7
4557	4.450920	0.988467	0.988466	0x00FD0C2
4558	4.451896	0.988478	0.988478	0x00FD0CE
4559	4.452873	0.988489	0.988489	0x00FD0DA
4560	4.453850	0.988500	0.988500	0x00FD0E5
4561	4.454827	0.988511	0.988511	0x00FD0F1
4562	4.455803	0.988522	0.988523	0x00FD0FD
4563	4.456780	0.988533	0.988533	0x00FD108
4564	4.457757	0.988544	0.988544	0x00FD114
4565	4.458734	0.988555	0.988556	0x00FD120
4566	4.459710	0.988567	0.988566	0x00FD12B
4567	4.460687	0.988578	0.988578	0x00FD137
4568	4.461664	0.988589	0.988588	0x00FD142
4569	4.462640	0.988600	0.988600	0x00FD14E
4570	4.463617	0.988611	0.988610	0x00FD159
4571	4.464594	0.988622	0.988622	0x00FD165
4572	4.465571	0.988633	0.988632	0x00FD170
4573	4.466547	0.988644	0.988644	0x00FD17C
4574	4.467524	0.988655	0.988654	0x00FD187
4575	4.468501	0.988665	0.988666	0x00FD193
4576	4.469477	0.988676	0.988676	0x00FD19E
4577	4.470454	0.988687	0.988688	0x00FD1AA
4578	4.471431	0.988698	0.988698	0x00FD1B5
4579	4.472408	0.988709	0.988709	0x00FD1C1
4580	4.473384	0.988720	0.988720	0x00FD1CC
4581	4.474361	0.988731	0.988731	0x00FD1D8
4582	4.475338	0.988742	0.988742	0x00FD1E3
4583	4.476315	0.988753	0.988752	0x00FD1EE
4584	4.477291	0.988764	0.988764	0x00FD1FA
4585	4.478268	0.988774	0.988774	0x00FD205
4586	4.479245	0.988785	0.988785	0x00FD210
4587	4.480221	0.988796	0.988796	0x00FD21C
4588	4.481198	0.988807	0.988807	0x00FD227
4589	4.482175	0.988818	0.988817	0x00FD232
4590	4.483152	0.988828	0.988829	0x00FD23E
4591	4.484128	0.988839	0.988839	0x00FD249
4592	4.485105	0.988850	0.988850	0x00FD254
4593	4.486082	0.988861	0.988861	0x00FD260
4594	4.487058	0.988872	0.988872	0x00FD26B
4595	4.488035	0.988882	0.988882	0x00FD276
4596	4.489012	0.988893	0.988893	0x00FD281
4597	4.489989	0.988904	0.988904	0x00FD28D
4598	4.490965	0.988914	0.988914	0x00FD298
4599	4.491942	0.988925	0.988925	0x00FD2A3
4600	4.492919	0.988936	0.988935	0x00FD2AE
4601	4.493895	0.988947	0.988947	0x00FD2BA
4602	4.494872	0.988957	0.988957	0x00FD2C5
4603	4.495849	0.988968	0.988968	0x00FD2D0
4604	4.496826	0.988979	0.988978	0x00FD2DB
4605	4.497802	0.988989	0.988989	0x00FD2E6
4606	4.498779	0.989000	0.988999	0x00FD2F1
4607	4.499756	0.989010	0.989011	0x00FD2FD
4608	4.500733	0.989021	0.989021	0x00FD308
4609	4.501709	0.989032	0.989032	0x00FD313
4610	4.502686	0.989042	0.989042	0x00FD31E
4611	4.503663	0.989053	0.989053	0x00FD329
4612	4.504639	0.989063	0.989063	0x00FD334
4613	4.505616	0.989074	0.989074	0x00FD33F
4614	4.506593	0.989084	0.989084	0x00FD34A
4615	4.507570	0.989095	0.989095	0x00FD355
4616	4.508546	0.989106	0.989105	0x00FD360
4617	4.509523	0.989116	0.989116	0x00FD36B
4618	4.510500	0.989127	0.989126	0x00FD376
4619	4.511476	0.989137	0.989137	0x00FD381
4620	4.512453	0.989148	0.989147	0x00FD38C
4621	4.513430	0.989158	0.989158	0x00FD397
4622	4.514407	0.989169	0.989168	0x00FD3A2
4623	4.515383	0.989179	0.989179	0x00FD3AD
4624	4.516360	0.989189	0.989189	0x00FD3B8
4625	4.517337	0.989200	0.989200	0x00FD3C3
4626	4.518314	0.989210	0.989210	0x00FD3CE
4627	4.519290	0.989221	0.989221	0x00FD3D9
4628	4.520267	0.989231	0.989231	0x00FD3E4
4629	4.521244	0.989242	0.989242	0x00FD3EF
4630	4.522220	0.989252	0.989252	0x00FD3FA
4631	4.523197	0.989262	0.989263	0x00FD405
4632	4.524174	0.989273	0.989273	0x00FD410
4633	4.525151	0.989283	0.989283	0x00FD41A
4634	4.526127	0.989293	0.989293	0x00FD425
4635	4.527104	0.989304	0.989304	0x00FD430
4636	4.528081	0.989314	0.989314	0x00FD43B
4637	4.529057	0.989324	0.989325	0x00FD446
4638	4.530034	0.989335	0.989335	0x00FD451
4639	4.531011	0.989345	0.989345	0x00FD45B
4640	4.531988	0.989355	0.989355	0x00FD466
4641	4.532964	0.989366	0.989366	0x00FD471
4642	4.533941	0.989376	0.989376	0x00FD47C
4643	4.534918	0.989386	0.989386	0x00FD486
4644	4.535895	0.989396	0.989396	0x00FD491
4645	4.536871	0.989407	0.989407	0x00FD49C
4646	4.537848	0.989417	0.989417	0x00FD4A7
4647	4.538825	0.989427	0.989427	0x00FD4B1
4648	4.539801	0.989437	0.989437	0x00FD4BC
4649	4.540778	0.989447	0.989448	0x00FD4C7
4650	4.541755	0.989458	0.989458	0x00FD4D2
4651	4.542732	0.989468	0.989468	0x00FD4DC
4652	4.543708	0.989478	0.989478	0x00FD4E7
4653	4.544685	0.989488	0.989489	0x00FD4F2
4654	4.545662	0.989498	0.989498	0x00FD4FC
4655	4.546638	0.989508	0.989509	0x00FD507
4656	4.547615	0.989519	0.989518	0x00FD511
4657	4.548592	0.989529	0.989529	0x00FD51C
4658	4.549569	0.989539	0.989539	0x00FD527
4659	4.550545	0.989549	0.989549	0x00FD531
4660	4.551522	0.989559	0.989559	0x00FD53C
4661	4.552499	0.989569	0.989569	0x00FD546
4662	4.553476	0.989579	0.989579	0x00FD551
4663	4.554452	0.989589	0.989590	0x00FD55C
4664	4.555429	0.989599	0.989599	0x00FD566
4665	4.556406	0.989609	0.989610	0x00FD571
4666	4.557382	0.989619	0.989619	0x00FD57B
4667	4.558359	0.989629	0.989630	0x00FD586
4668	4.559336	0.989639	0.989639	0x00FD590
4669	4.560313	0.989649	0.989650	0x00FD59B
4670	4.561289	0.989659	0.989659	0x00FD5A5
4671	4.562266	0.989669	0.989670	0x00FD5B0
4672	4.563243	0.989679	0.989679	0x00FD5BA
4673	4.564219	0.989689	0.989690	0x00FD5C5
4674	4.565196	0.989699	0.989699	0x00FD5CF
4675	4.566173	0.989709	0.989709	0x00FD5D9
4676	4.567150	0.989719	0.989719	0x00FD5E4
4677	4.568126	0.989729	0.989729	0x00FD5EE
4678	4.569103	0.989739	0.989739	0x00FD5F9
4679	4.570080	0.989749	0.989749	0x00FD603
4680	4.571056	0.989759	0.989758	0x00FD60D
4681	4.572033	0.989769	0.989769	0x00FD618
4682	4.573010	0.989779	0.989779	0x00FD622
4683	4.573987	0.989789	0.989789	0x00FD62D
4684	4.574963	0.989798	0.989799	0x00FD637
4685	4.575940	0.989808	0.989808	0x00FD641
4686	4.576917	0.989818	0.989819	0x00FD64C
4687	4.577894	0.989828	0.989828	0x00FD656
4688	4.578870	0.989838	0.989838	0x00FD660
4689	4.579847	0.989848	0.989848	0x00FD66B
4690	4.580824	0.989857	0.989858	0x00FD675
4691	4.581800	0.989867	0.989867	0x00FD67F
4692	4.582777	0.989877	0.989877	0x00FD689
4693	4.583754	0.989887	0.989887	0x00FD694
4694	4.584731	0.989897	0.989897	0x00FD69E
4695	4.585707	0.989906	0.989906	0x00FD6A8
4696	4.586684	0.989916	0.989916	0x00FD6B2
4697	4.587661	0.989926	0.989926	0x00FD6BD
4698	4.588637	0.989936	0.989936	0x00FD6C7
4699	4.589614	0.989945	0.989945	0x00FD6D1
4700	4.590591	0.989955	0.989955	0x00FD6DB
4701	4.591568	0.989965	0.989964	0x00FD6E5
4702	4.592544	0.989974	0.989974	0x00FD6EF
4703	4.593521	0.989984	0.989985	0x00FD6FA
4704	4.594498	0.989994	0.989994	0x00FD704
4705	4.595475	0.990004	0.990004	0x00FD70E
4706	4.596451	0.990013	0.990013	0x00FD718
4707	4.597428	0.990023	0.990023	0x00FD722
4708	4.598405	0.990032	0.990032	0x00FD72C
4709	4.599381	0.990042	0.990042	0x00FD736
4710	4.600358	0.990052	0.990051	0x00FD740
4711	4.601335	0.990061	0.990062	0x00FD74B
4712	4.602312	0.990071	0.990071	0x00FD755
4713	4.603288	0.990081	0.990081	0x00FD75F
4714	4.604265	0.990090	0.990090	0x00FD769
4715	4.605242	0.990100	0.990100	0x00FD773
4716	4.606218	0.990109	0.990109	0x00FD77D
4717	4.607195	0.990119	0.990119	0x00FD787
4718	4.608172	0.990128	0.990129	0x00FD791
4719	4.609149	0.990138	0.990138	0x00FD79B
4720	4.610125	0.990147	0.990148	0x00FD7A5
4721	4.611102	0.990157	0.990157	0x00FD7AF
4722	4.612079	0.990167	0.990167	0x00FD7B9
4723	4.613056	0.990176	0.990176	0x00FD7C3
4724	4.614032	0.990186	0.990186	0x00FD7CD
4725	4.615009	0.990195	0.990195	0x00FD7D7
4726	4.615986	0.990204	0.990205	0x00FD7E1
4727	4.616962	0.990214	0.990214	0x00FD7EB
4728	4.617939	0.990223	0.990223	0x00FD7F4
4729	4.618916	0.990233	0.990232	0x00FD7FE
4730	4.619893	0.990242	0.990242	0x00FD808
4731	4.620869	0.990252	0.990252	0x00FD812
4732	4.621846	0.990261	0.990261	0x00FD81C
4733	4.622823	0.990271	0.990271	0x00FD826
4734	4.623799	0.990280	0.990280	0x00FD830
4735	4.624776	0.990289	0.990290	0x00FD83A
4736	4.625753	0.990299	0.990299	0x00FD844
4737	4.626730	0.990308	0.990308	0x00FD84D
4738	4.627706	0.990318	0.990317	0x00FD857
4739	4.628683	0.990327	0.990327	0x00FD861
4740	4.629660	0.990336	0.990336	0x00FD86B
4741	4.630636	0.990346	0.990346	0x00FD875
4742	4.631613	0.990355	0.990355	0x00FD87E
4743	4.632590	0.990364	0.990364	0x00FD888
4744	4.633567	0.990374	0.990374	0x00FD892
4745	4.634543	0.990383	0.990383	0x00FD89C
4746	4.635520	0.990392	0.990392	0x00FD8A5
4747	4.636497	0.990401	0.990401	0x00FD8AF
4748	4.637474	0.990411	0.990411	0x00FD8B9
4749	4.638450	0.990420	0.990420	0x00FD8C3
4750	4.639427	0.990429	0.990429	0x00FD8CC
4751	4.640404	0.990439	0.990438	0x00FD8D6
4752	4.641380	0.990448	0.990448	0x00FD8E0
4753	4.642357	0.990457	0.990457	0x00FD8E9
4754	4.643334	0.990466	0.990466	0x00FD8F3
4755	4.644311	0.990475	0.990476	0x00FD8FD
4756	4.645287	0.990485	0.990484	0x00FD906
4757	4.646264	0.990494	0.990494	0x00FD910
4758	4.647241	0.990503	0.990503	0x00FD91A
4759	4.648217	0.990512	0.990512	0x00FD923
4760	4.649194	0.990521	0.990521	0x00FD92D
4761	4.650171	0.990531	0.990531	0x00FD937
4762	4.651148	0.990540	0.990540	0x00FD940
4763	4.652124	0.990549	0.990549	0x00FD94A
4764	4.653101	0.990558	0.990558	0x00FD953
4765	4.654078	0.990567	0.990567	0x00FD95D
4766	4.655055	0.990576	0.990576	0x00FD966
4767	4.656031	0.990585	0.990585	0x00FD970
4768	4.657008	0.990594	0.990595	0x00FD97A
4769	4.657985	0.990604	0.990603	0x00FD983
4770	4.658961	0.990613	0.990613	0x00FD98D
4771	4.659938	0.990622	0.990622	0x00FD996
4772	4.660915	0.990631	0.990631	0x00FD9A0
4773	4.661892	0.990640	0.990640	0x00FD9A9
4774	4.662868	0.990649	0.990649	0x00FD9B3
4775	4.663845	0.990658	0.990658	0x00FD9BC
4776	4.664822	0.990667	0.990667	0x00FD9C6
4777	4.665798	0.990676	0.990676	0x00FD9CF
4778	4.666775	0.990685	0.990685	0x00FD9D9
4779	4.667752	0.990694	0.990694	0x00FD9E2
4780	4.668729	0.990703	0.990703	0x00FD9EB
4781	4.669705	0.990712	0.990712	0x00FD9F5
4782	4.670682	0.990721	0.990721	0x00FD9FE
4783	4.671659	0.990730	0.990730	0x00FDA08
4784	4.672636	0.990739	0.990739	0x00FDA11
4785	4.673612	0.990748	0.990747	0x00FDA1A
4786	4.674589	0.990757	0.990757	0x00FDA24
4787	4.675566	0.990766	0.990766	0x00FDA2D
4788	4.676542	0.990775	0.990775	0x00FDA37
4789	4.677519	0.990784	0.990784	0x00FDA40
4790	4.678496	0.990793	0.990792	0x00FDA49
4791	4.679473	0.990801	0.990802	0x00FDA53
4792	4.680449	0.990810	0.990810	0x00FDA5C
4793	4.681426	0.990819	0.990819	0x00FDA65
4794	4.682403	0.990828	0.990829	0x00FDA6F
4795	4.683379	0.990837	0.990837	0x00FDA78
4796	4.684356	0.990846	0.990846	0x00FDA81
4797	4.685333	0.990855	0.990855	0x00FDA8B
4798	4.686310	0.990864	0.990864	0x00FDA94
4799	4.687286	0.990872	0.990872	0x00FDA9D
4800	4.688263	0.990881	0.990881	0x00FDAA6
4801	4.689240	0.990890	0.990891	0x00FDAB0
4802	4.690217	0.990899	0.990899	0x00FDAB9
4803	4.691193	0.990908	0.990908	0x00FDAC2
4804	4.692170	0.990916	0.990916	0x00FDACB
4805	4.693147	0.990925	0.990925	0x00FDAD4
4806	4.694123	0.990934	0.990934	0x00FDADE
4807	4.695100	0.990943	0.990943	0x00FDAE7
4808	4.696077	0.990952	0.990952	0x00FDAF0
4809	4.697054	0.990960	0.990960	0x00FDAF9
4810	4.698030	0.990969	0.990969	0x00FDB02
4811	4.699007	0.990978	0.990978	0x00FDB0C
4812	4.699984	0.990987	0.990987	0x00FDB15
4813	4.700960	0.990995	0.990995	0x00FDB1E
4814	4.701937	0.991004	0.991004	0x00FDB27
4815	4.702914	0.991013	0.991013	0x00FDB30
4816	4.703891	0.991021	0.991021	0x00FDB39
4817	4.704867	0.991030	0.991030	0x00FDB42
4818	4.705844	0.991039	0.991038	0x00FDB4B
4819	4.706821	0.991047	0.991048	0x00FDB55
4820	4.707797	0.991056	0.991056	0x00FDB5E
4821	4.708774	0.991065	0.991065	0x00FDB67
4822	4.709751	0.991073	0.991074	0x00FDB70
4823	4.710728	0.991082	0.991082	0x00FDB79
4824	4.711704	0.991091	0.991091	0x00FDB82
4825	4.712681	0.991099	0.991099	0x00FDB8B
4826	4.713658	0.991108	0.991108	0x00FDB94
4827	4.714635	0.991116	0.991117	0x00FDB9D
4828	4.715611	0.991125	0.991125	0x00FDBA6
4829	4.716588	0.991134	0.991134	0x00FDBAF
4830	4.717565	0.991142	0.991142	0x00FDBB8
4831	4.718541	0.991151	0.991151	0x00FDBC1
4832	4.719518	0.991159	0.991159	0x00FDBCA
4833	4.720495	0.991168	0.991168	0x00FDBD3
4834	4.721472	0.991176	0.991177	0x00FDBDC
4835	4.722448	0.991185	0.991185	0x00FDBE5
4836	4.723425	0.991194	0.991194	0x00FDBEE
4837	4.724402	0.991202	0.991202	0x00FDBF7
4838	4.725378	0.991211	0.991211	0x00FDC00
4839	4.726355	0.991219	0.991220	0x00FDC09
4840	4.727332	0.991228	0.991227	0x00FDC11
4841	4.728309	0.991236	0.991236	0x00FDC1A
4842	4.729285	0.991245	0.991244	0x00FDC23
4843	4.730262	0.991253	0.991253	0x00FDC2C
4844	4.731239	0.991261	0.991261	0x00FDC35
4845	4.732216	0.991270	0.991270	0x00FDC3E
4846	4.733192	0.991278	0.991279	0x00FDC47
4847	4.734169	0.991287	0.991287	0x00FDC50
4848	4.735146	0.991295	0.991295	0x00FDC58
4849	4.736122	0.991304	0.991303	0x00FDC61
4850	4.737099	0.991312	0.991312	0x00FDC6A
4851	4.738076	0.991321	0.991321	0x00FDC73
4852	4.739053	0.991329	0.991329	0x00FDC7C
4853	4.740029	0.991337	0.991338	0x00FDC85
4854	4.741006	0.991346	0.991345	0x00FDC8D
4855	4.741983	0.991354	0.991354	0x00FDC96
4856	4.742959	0.991362	0.991363	0x00FDC9F
4857	4.743936	0.991371	0.991371	0x00FDCA8
4858	4.744913	0.991379	0.991379	0x00FDCB0
4859	4.745890	0.991387	0.991387	0x00FDCB9
4860	4.746866	0.991396	0.991396	0x00FDCC2
4861	4.747843	0.991404	0.991405	0x00FDCCB
4862	4.748820	0.991412	0.991412	0x00FDCD3
4863	4.749797	0.991421	0.991421	0x00FDCDC
4864	4.750773	0.991429	0.991429	0x00FDCE5
4865	4.751750	0.991437	0.991437	0x00FDCED
4866	4.752727	0.991446	0.991446	0x00FDCF6
4867	4.753703	0.991454	0.991454	0x00FDCFF
4868	4.754680	0.991462	0.991462	0x00FDD07
4869	4.755657	0.991470	0.991470	0x00FDD10
4870	4.756634	0.991479	0.991479	0x00FDD19
4871	4.757610	0.991487	0.991487	0x00FDD21
4872	4.758587	0.991495	0.991495	0x00FDD2A
4873	4.759564	0.991503	0.991504	0x00FDD33
4874	4.760540	0.991512	0.991511	0x00FDD3B
4875	4.761517	0.991520	0.991520	0x00FDD44
4876	4.762494	0.991528	0.991529	0x00FDD4D
4877	4.763471	0.991536	0.991536	0x00FDD55
4878	4.764447	0.991545	0.991545	0x00FDD5E
4879	4.765424	0.991553	0.991552	0x00FDD66
4880	4.766401	0.991561	0.991561	0x00FDD6F
4881	4.767378	0.991569	0.991569	0x00FDD77
4882	4.768354	0.991577	0.991577	0x00FDD80
4883	4.769331	0.991585	0.991586	0x00FDD89
4884	4.770308	0.991593	0.991593	0x00FDD91
4885	4.771284	0.991602	0.991602	0x00FDD9A
4886	4.772261	0.991610	0.991610	0x00FDDA2
4887	4.773238	0.991618	0.991618	0x00FDDAB
4888	4.774215	0.991626	0.991626	0x00FDDB3
4889	4.775191	0.991634	0.991634	0x00FDDBC
4890	4.776168	0.991642	0.991642	0x00FDDC4
4891	4.777145	0.991650	0.991651	0x00FDDCD
4892	4.778121	0.991658	0.991658	0x00FDDD5
4893	4.779098	0.991666	0.991667	0x00FDDDE
4894	4.780075	0.991675	0.991674	0x00FDDE6
4895	4.781052	0.991683	0.991683	0x00FDDEF
4896	4.782028	0.991691	0.991691	0x00FDDF7
4897	4.783005	0.991699	0.991698	0x00FDDFF
4898	4.783982	0.991707	0.991707	0x00FDE08
4899	4.784958	0.991715	0.991714	0x00FDE10
4900	4.785935	0.991723	0.991723	0x00FDE19
4901	4.786912	0.991731	0.991731	0x00FDE21
4902	4.787889	0.991739	0.991738	0x00FDE29
4903	4.788865	0.991747	0.991747	0x00FDE32
4904	4.789842	0.991755	0.991755	0x00FDE3A
4905	4.790819	0.991763	0.991763	0x00FDE43
4906	4.791796	0.991771	0.991771	0x00FDE4B
4907	4.792772	0.991779	0.991778	0x00FDE53
4908	4.793749	0.991787	0.991787	0x00FDE5C
4909	4.794726	0.991795	0.991795	0x00FDE64
4910	4.795702	0.991803	0.991802	0x00FDE6C
4911	4.796679	0.991810	0.991811	0x00FDE75
4912	4.797656	0.991818	0.991818	0x00FDE7D
4913	4.798633	0.991826	0.991826	0x00FDE85
4914	4.799609	0.991834	0.991835	0x00FDE8E
4915	4.800586	0.991842	0.991842	0x00FDE96
4916	4.801563	0.991850	0.991850	0x00FDE9E
4917	4.802539	0.991858	0.991858	0x00FDEA6
4918	4.803516	0.991866	0.991866	0x00FDEAF
4919	4.804493	0.991874	0.991874	0x00FDEB7
4920	4.805470	0.991882	0.991881	0x00FDEBF
4921	4.806446	0.991889	0.991889	0x00FDEC7
4922	4.807423	0.991897	0.991898	0x00FDED0
4923	4.808400	0.991905	0.991905	0x00FDED8
4924	4.809377	0.991913	0.991913	0x00FDEE0
4925	4.810353	0.991921	0.991920	0x00FDEE8
4926	4.811330	0.991929	0.991929	0x00FDEF1
4927	4.812307	0.991936	0.991937	0x00FDEF9
4928	4.813283	0.991944	0.991944	0x00FDF01
4929	4.814260	0.991952	0.991952	0x00FDF09
4930	4.815237	0.991960	0.991960	0x00FDF11
4931	4.816214	0.991968	0.991967	0x00FDF19
4932	4.817190	0.991975	0.991976	0x00FDF22
4933	4.818167	0.991983	0.991983	0x00FDF2A
4934	4.819144	0.991991	0.991991	0x00FDF32
4935	4.820120	0.991999	0.991999	0x00FDF3A
4936	4.821097	0.992006	0.992006	0x00FDF42
4937	4.822074	0.992014	0.992014	0x00FDF4A
4938	4.823051	0.992022	0.992022	0x00FDF52
4939	4.824027	0.992030	0.992030	0x00FDF5B
4940	4.825004	0.992037	0.992038	0x00FDF63
4941	4.825981	0.992045	0.992045	0x00FDF6B
4942	4.826958	0.992053	0.992053	0x00FDF73
4943	4.827934	0.992061	0.992061	0x00FDF7B
4944	4.828911	0.992068	0.992068	0x00FDF83
4945	4.829888	0.992076	0.992076	0x00FDF8B
4946	4.830864	0.992084	0.992084	0x00FDF93
4947	4.831841	0.992091	0.992091	0x00FDF9B
4948	4.832818	0.992099	0.992099	0x00FDFA3
4949	4.833795	0.992107	0.992106	0x00FDFAB
4950	4.834771	0.992114	0.992114	0x00FDFB3
4951	4.835748	0.992122	0.992122	0x00FDFBB
4952	4.836725	0.992129	0.992129	0x00FDFC3
4953	4.837701	0.992137	0.992137	0x00FDFCB
4954	4.838678	0.992145	0.992145	0x00FDFD3
4955	4.839655	0.992152	0.992152	0x00FDFDB
4956	4.840632	0.992160	0.992160	0x00FDFE3
4957	4.841608	0.992167	0.992167	0x00FDFEB
4958	4.842585	0.992175	0.992175	0x00FDFF3
4959	4.843562	0.992183	0.992183	0x00FDFFB
4960	4.844538	0.992190	0.992190	0x00FE003
4961	4.845515	0.992198	0.992198	0x00FE00B
4962	4.846492	0.992205	0.992206	0x00FE013
4963	4.847469	0.992213	0.992213	0x00FE01B
4964	4.848445	0.992220	0.992221	0x00FE023
4965	4.849422	0.992228	0.992228	0x00FE02A
4966	4.850399	0.992236	0.992235	0x00FE032
4967	4.851376	0.992243	0.992243	0x00FE03A
4968	4.852352	0.992251	0.992250	0x00FE042
4969	4.853329	0.992258	0.992258	0x00FE04A
4970	4.854306	0.992266	0.992266	0x00FE052
4971	4.855282	0.992273	0.992273	0x00FE05A
4972	4.856259	0.992281	0.992281	0x00FE062
4973	4.857236	0.992288	0.992288	0x00FE069
4974	4.858213	0.992295	0.992295	0x00FE071
4975	4.859189	0.992303	0.992303	0x00FE079
4976	4.860166	0.992310	0.992311	0x00FE081
4977	4.861143	0.992318	0.992318	0x00FE089
4978	4.862119	0.992325	0.992325	0x00FE090
4979	4.863096	0.992333	0.992332	0x00FE098
4980	4.864073	0.992340	0.992340	0x00FE0A0
4981	4.865050	0.992348	0.992348	0x00FE0A8
4982	4.866026	0.992355	0.992355	0x00FE0B0
4983	4.867003	0.992362	0.992362	0x00FE0B7
4984	4.867980	0.992370	0.992370	0x00FE0BF
4985	4.868957	0.992377	0.992377	0x00FE0C7
4986	4.869933	0.992385	0.992385	0x00FE0CF
4987	4.870910	0.992392	0.992392	0x00FE0D6
4988	4.871887	0.992399	0.992399	0x00FE0DE
4989	4.872863	0.992407	0.992407	0x00FE0E6
4990	4.873840	0.992414	0.992414	0x00FE0EE
4991	4.874817	0.992421	0.992421	0x00FE0F5
4992	4.875794	0.992429	0.992429	0x00FE0FD
4993	4.876770	0.992436	0.992436	0x00FE105
4994	4.877747	0.992443	0.992443	0x00FE10C
4995	4.878724	0.992451	0.992451	0x00FE114
4996	4.879700	0.992458	0.992458	0x00FE11C
4997	4.880677	0.992465	0.992465	0x00FE123
4998	4.881654	0.992473	0.992473	0x00FE12B
4999	4.882631	0.992480	0.992480	0x00FE133
5000	4.883607	0.992487	0.992487	0x00FE13A
5001	4.884584	0.992494	0.992495	0x00FE142
5002	4.885561	0.992502	0.992502	0x00FE14A
5003	4.886538	0.992509	0.992509	0x00FE151
5004	4.887514	0.992516	0.992517	0x00FE159
5005	4.888491	0.992524	0.992523	0x00FE160
5006	4.889468	0.992531	0.992531	0x00FE168
5007	4.890444	0.992538	0.992538	0x00FE170
5008	4.891421	0.992545	0.992545	0x00FE177
5009	4.892398	0.992552	0.992553	0x00FE17F
5010	4.893375	0.992560	0.992559	0x00FE186
5011	4.894351	0.992567	0.992567	0x00FE18E
5012	4.895328	0.992574	0.992574	0x00FE195
5013	4.896305	0.992581	0.992581	0x00FE19D
5014	4.897281	0.992588	0.992588	0x00FE1A4
5015	4.898258	0.992596	0.992596	0x00FE1AC
5016	4.899235	0.992603	0.992603	0x00FE1B4
5017	4.900212	0.992610	0.992610	0x00FE1BB
5018	4.901188	0.992617	0.992618	0x00FE1C3
5019	4.902165	0.992624	0.992624	0x00FE1CA
5020	4.903142	0.992631	0.992632	0x00FE1D2
5021	4.904119	0.992639	0.992639	0x00FE1D9
5022	4.905095	0.992646	0.992646	0x00FE1E1
5023	4.906072	0.992653	0.992653	0x00FE1E8
5024	4.907049	0.992660	0.992660	0x00FE1EF
5025	4.908025	0.992667	0.992667	0x00FE1F7
5026	4.909002	0.992674	0.992674	0x00FE1FE
5027	4.909979	0.992681	0.992682	0x00FE206
5028	4.910956	0.992688	0.992688	0x00FE20D
5029	4.911932	0.992695	0.992696	0x00FE215
5030	4.912909	0.992703	0.992702	0x00FE21C
5031	4.913886	0.992710	0.992710	0x00FE224
5032	4.914862	0.992717	0.992717	0x00FE22B
5033	4.915839	0.992724	0.992723	0x00FE232
5034	4.916816	0.992731	0.992731	0x00FE23A
5035	4.917793	0.992738	0.992738	0x00FE241
5036	4.918769	0.992745	0.992744	0x00FE248
5037	4.919746	0.992752	0.992752	0x00FE250
5038	4.920723	0.992759	0.992759	0x00FE257
5039	4.921699	0.992766	0.992766	0x00FE25F
5040	4.922676	0.992773	0.992773	0x00FE266
5041	4.923653	0.992780	0.992780	0x00FE26D
5042	4.924630	0.992787	0.992787	0x00FE275
5043	4.925606	0.992794	0.992794	0x00FE27C
5044	4.926583	0.992801	0.992801	0x00FE283
5045	4.927560	0.992808	0.992808	0x00FE28B
5046	4.928537	0.992815	0.992815	0x00FE292
5047	4.929513	0.992822	0.992822	0x00FE299
5048	4.930490	0.992829	0.992828	0x00FE2A0
5049	4.931467	0.992836	0.992836	0x00FE2A8
5050	4.932443	0.992843	0.992843	0x00FE2AF
5051	4.933420	0.992850	0.992849	0x00FE2B6
5052	4.934397	0.992857	0.992857	0x00FE2BE
5053	4.935374	0.992864	0.992864	0x00FE2C5
5054	4.936350	0.992870	0.992870	0x00FE2CC
5055	4.937327	0.992877	0.992877	0x00FE2D3
5056	4.938304	0.992884	0.992885	0x00FE2DB
5057	4.939280	0.992891	0.992891	0x00FE2E2
5058	4.940257	0.992898	0.992898	0x00FE2E9
5059	4.941234	0.992905	0.992905	0x00FE2F0
5060	4.942211	0.992912	0.992911	0x00FE2F7
5061	4.943187	0.992919	0.992919	0x00FE2FF
5062	4.944164	0.992926	0.992926	0x00FE306
5063	4.945141	0.992932	0.992932	0x00FE30D
5064	4.946118	0.992939	0.992939	0x00FE314
5065	4.947094	0.992946	0.992946	0x00FE31B
5066	4.948071	0.992953	0.992953	0x00FE323
5067	4.949048	0.992960	0.992960	0x00FE32A
5068	4.950024	0.992967	0.992967	0x00FE331
5069	4.951001	0.992973	0.992973	0x00FE338
5070	4.951978	0.992980	0.992980	0x00FE33F
5071	4.952955	0.992987	0.992987	0x00FE346
5072	4.953931	0.992994	0.992993	0x00FE34D
5073	4.954908	0.993001	0.993001	0x00FE355
5074	4.955885	0.993007	0.993008	0x00FE35C
5075	4.956861	0.993014	0.993014	0x00FE363
5076	4.957838	0.993021	0.993021	0x00FE36A
5077	4.958815	0.993028	0.993028	0x00FE371
5078	4.959792	0.993034	0.993034	0x00FE378
5079	4.960768	0.993041	0.993041	0x00FE37F
5080	4.961745	0.993048	0.993048	0x00FE386
5081	4.962722	0.993055	0.993054	0x00FE38D
5082	4.963699	0.993061	0.993061	0x00FE394
5083	4.964675	0.993068	0.993068	0x00FE39B
5084	4.965652	0.993075	0.993074	0x00FE3A2
5085	4.966629	0.993082	0.993082	0x00FE3AA
5086	4.967605	0.993088	0.993089	0x00FE3B1
5087	4.968582	0.993095	0.993095	0x00FE3B8
5088	4.969559	0.993102	0.993102	0x00FE3BF
5089	4.970536	0.993108	0.993109	0x00FE3C6
5090	4.971512	0.993115	0.993115	0x00FE3CD
5091	4.972489	0.993122	0.993122	0x00FE3D4
5092	4.973466	0.993128	0.993129	0x00FE3DB
5093	4.974442	0.993135	0.993135	0x00FE3E2
5094	4.975419	0.993142	0.993142	0x00FE3E9
5095	4.976396	0.993148	0.993149	0x00FE3F0
5096	4.977373	0.993155	0.993155	0x00FE3F7
5097	4.978349	0.993162	0.993161	0x00FE3FD
5098	4.979326	0.993168	0.993168	0x00FE404
5099	4.980303	0.993175	0.993175	0x00FE40B
5100	4.981280	0.993182	0.993181	0x00FE412
5101	4.982256	0.993188	0.993188	0x00FE419
5102	4.983233	0.993195	0.993195	0x00FE420
5103	4.984210	0.993201	0.993201	0x00FE427
5104	4.985186	0.993208	0.993208	0x00FE42E
5105	4.986163	0.993215	0.993215	0x00FE435
5106	4.987140	0.993221	0.993221	0x00FE43C
5107	4.988117	0.993228	0.993228	0x00FE443
5108	4.989093	0.993234	0.993235	0x00FE44A
5109	4.990070	0.993241	0.993240	0x00FE450
5110	4.991047	0.993247	0.993247	0x00FE457
5111	4.992023	0.993254	0.993254	0x00FE45E
5112	4.993000	0.993260	0.993260	0x00FE465
5113	4.993977	0.993267	0.993267	0x00FE46C
5114	4.994954	0.993274	0.993274	0x00FE473
5115	4.995930	0.993280	0.993280	0x00FE47A
5116	4.996907	0.993287	0.993286	0x00FE480
5117	4.997884	0.993293	0.993293	0x00FE487
5118	4.998860	0.993300	0.993299	0x00FE48E
5119	4.999837	0.993306	0.993306	0x00FE495
5120	5.000814	0.993313	0.993313	0x00FE49C
5121	5.001791	0.993319	0.993320	0x00FE4A3
5122	5.002767	0.993326	0.993325	0x00FE4A9
5123	5.003744	0.993332	0.993332	0x00FE4B0
5124	5.004721	0.993338	0.993339	0x00FE4B7
5125	5.005698	0.993345	0.993345	0x00FE4BE
5126	5.006674	0.993351	0.993351	0x00FE4C4
5127	5.007651	0.993358	0.993358	0x00FE4CB
5128	5.008628	0.993364	0.993364	0x00FE4D2
5129	5.009604	0.993371	0.993371	0x00FE4D9
5130	5.010581	0.993377	0.993377	0x00FE4DF
5131	5.011558	0.993384	0.993383	0x00FE4E6
5132	5.012535	0.993390	0.993390	0x00FE4ED
5133	5.013511	0.993396	0.993397	0x00FE4F4
5134	5.014488	0.993403	0.993402	0x00FE4FA
5135	5.015465	0.993409	0.993409	0x00FE501
5136	5.016441	0.993416	0.993416	0x00FE508
5137	5.017418	0.993422	0.993422	0x00FE50E
5138	5.018395	0.993428	0.993428	0x00FE515
5139	5.019372	0.993435	0.993435	0x00FE51C
5140	5.020348	0.993441	0.993441	0x00FE522
5141	5.021325	0.993447	0.993447	0x00FE529
5142	5.022302	0.993454	0.993454	0x00FE530
5143	5.023279	0.993460	0.993460	0x00FE536
5144	5.024255	0.993466	0.993466	0x00FE53D
5145	5.025232	0.993473	0.993473	0x00FE544
5146	5.026209	0.993479	0.993479	0x00FE54A
5147	5.027185	0.993485	0.993485	0x00FE551
5148	5.028162	0.993492	0.993492	0x00FE558
5149	5.029139	0.993498	0.993498	0x00FE55E
5150	5.030116	0.993504	0.993505	0x00FE565
5151	5.031092	0.993511	0.993510	0x00FE56B
5152	5.032069	0.993517	0.993517	0x00FE572
5153	5.033046	0.993523	0.993524	0x00FE579
5154	5.034022	0.993530	0.993529	0x00FE57F
5155	5.034999	0.993536	0.993536	0x00FE586
5156	5.035976	0.993542	0.993542	0x00FE58C
5157	5.036953	0.993548	0.993548	0x00FE593
5158	5.037929	0.993555	0.993555	0x00FE59A
5159	5.038906	0.993561	0.993561	0x00FE5A0
5160	5.039883	0.993567	0.993567	0x00FE5A7
5161	5.040860	0.993573	0.993573	0x00FE5AD
5162	5.041836	0.993580	0.993580	0x00FE5B4
5163	5.042813	0.993586	0.993586	0x00FE5BA
5164	5.043790	0.993592	0.993592	0x00FE5C1
5165	5.044766	0.993598	0.993598	0x00FE5C7
5166	5.045743	0.993604	0.993605	0x00FE5CE
5167	5.046720	0.993611	0.993610	0x00FE5D4
5168	5.047697	0.993617	0.993617	0x00FE5DB
5169	5.048673	0.993623	0.993623	0x00FE5E1
5170	5.049650	0.993629	0.993629	0x00FE5E8
5171	5.050627	0.993635	0.993635	0x00FE5EE
5172	5.051603	0.993642	0.993642	0x00FE5F5
5173	5.052580	0.993648	0.993648	0x00FE5FB
5174	5.053557	0.993654	0.993654	0x00FE602
5175	5.054534	0.993660	0.993660	0x00FE608
5176	5.055510	0.993666	0.993667	0x00FE60F
5177	5.056487	0.993672	0.993672	0x00FE615
5178	5.057464	0.993679	0.993678	0x00FE61B
5179	5.058441	0.993685	0.993685	0x00FE622
5180	5.059417	0.993691	0.993690	0x00FE628
5181	5.060394	0.993697	0.993697	0x00FE62F
5182	5.061371	0.993703	0.993703	0x00FE635
5183	5.062347	0.993709	0.993710	0x00FE63C
5184	5.063324	0.993715	0.993715	0x00FE642
5185	5.064301	0.993721	0.993721	0x00FE648
5186	5.065278	0.993727	0.993728	0x00FE64F
5187	5.066254	0.993734	0.993733	0x00FE655
5188	5.067231	0.993740	0.993739	0x00FE65B
5189	5.068208	0.993746	0.993746	0x00FE662
5190	5.069184	0.993752	0.993752	0x00FE668
5191	5.070161	0.993758	0.993758	0x00FE66F
5192	5.071138	0.993764	0.993764	0x00FE675
5193	5.072115	0.993770	0.993770	0x00FE67B
5194	5.073091	0.993776	0.993776	0x00FE682
5195	5.074068	0.993782	0.993782	0x00FE688
5196	5.075045	0.993788	0.993788	0x00FE68E
5197	5.076021	0.993794	0.993794	0x00FE695
5198	5.076998	0.993800	0.993800	0x00FE69B
5199	5.077975	0.993806	0.993806	0x00FE6A1
5200	5.078952	0.993812	0.993813	0x00FE6A8
5201	5.079928	0.993818	0.993818	0x00FE6AE
5202	5.080905	0.993824	0.993824	0x00FE6B4
5203	5.081882	0.993830	0.993830	0x00FE6BA
5204	5.082859	0.993836	0.993836	0x00FE6C1
5205	5.083835	0.993842	0.993842	0x00FE6C7
5206	5.084812	0.993848	0.993848	0x00FE6CD
5207	5.085789	0.993854	0.993854	0x00FE6D3
5208	5.086765	0.993860	0.993860	0x00FE6DA
5209	5.087742	0.993866	0.993866	0x00FE6E0
5210	5.088719	0.993872	0.993872	0x00FE6E6
5211	5.089696	0.993878	0.993877	0x00FE6EC
5212	5.090672	0.993884	0.993884	0x00FE6F3
5213	5.091649	0.993890	0.993890	0x00FE6F9
5214	5.092626	0.993896	0.993896	0x00FE6FF
5215	5.093602	0.993902	0.993901	0x00FE705
5216	5.094579	0.993907	0.993908	0x00FE70C
5217	5.095556	0.993913	0.993914	0x00FE712
5218	5.096533	0.993919	0.993919	0x00FE718
5219	5.097509	0.993925	0.993925	0x00FE71E
5220	5.098486	0.993931	0.993931	0x00FE724
5221	5.099463	0.993937	0.993937	0x00FE72A
5222	5.100440	0.993943	0.993943	0x00FE731
5223	5.101416	0.993949	0.993949	0x00FE737
5224	5.102393	0.993955	0.993955	0x00FE73D
5225	5.103370	0.993960	0.993960	0x00FE743
5226	5.104346	0.993966	0.993966	0x00FE749
5227	5.105323	0.993972	0.993972	0x00FE74F
5228	5.106300	0.993978	0.993979	0x00FE756
5229	5.107277	0.993984	0.993984	0x00FE75C
5230	5.108253	0.993990	0.993990	0x00FE762
5231	5.109230	0.993996	0.993996	0x00FE768
5232	5.110207	0.994001	0.994001	0x00FE76E
5233	5.111183	0.994007	0.994007	0x00FE774
5234	5.112160	0.994013	0.994013	0x00FE77A
5235	5.113137	0.994019	0.994019	0x00FE780
5236	5.114114	0.994025	0.994024	0x00FE786
5237	5.115090	0.994030	0.994030	0x00FE78C
5238	5.116067	0.994036	0.994037	0x00FE793
5239	5.117044	0.994042	0.994042	0x00FE799
5240	5.118021	0.994048	0.994048	0x00FE79F
5241	5.118997	0.994054	0.994054	0x00FE7A5
5242	5.119974	0.994059	0.994060	0x00FE7AB
5243	5.120951	0.994065	0.994065	0x00FE7B1
5244	5.121927	0.994071	0.994071	0x00FE7B7
5245	5.122904	0.994077	0.994077	0x00FE7BD
5246	5.123881	0.994082	0.994082	0x00FE7C3
5247	5.124858	0.994088	0.994088	0x00FE7C9
5248	5.125834	0.994094	0.994094	0x00FE7CF
5249	5.126811	0.994100	0.994100	0x00FE7D5
5250	5.127788	0.994105	0.994105	0x00FE7DB
5251	5.128764	0.994111	0.994111	0x00FE7E1
5252	5.129741	0.994117	0.994117	0x00FE7E7
5253	5.130718	0.994122	0.994123	0x00FE7ED
5254	5.131695	0.994128	0.994128	0x00FE7F3
5255	5.132671	0.994134	0.994134	0x00FE7F9
5256	5.133648	0.994140	0.994140	0x00FE7FF
5257	5.134625	0.994145	0.994145	0x00FE805
5258	5.135601	0.994151	0.994151	0x00FE80B
5259	5.136578	0.994157	0.994157	0x00FE811
5260	5.137555	0.994162	0.994163	0x00FE817
5261	5.138532	0.994168	0.994168	0x00FE81D
5262	5.139508	0.994174	0.994174	0x00FE823
5263	5.140485	0.994179	0.994179	0x00FE828
5264	5.141462	0.994185	0.994184	0x00FE82E
5265	5.142439	0.994191	0.994190	0x00FE834
5266	5.143415	0.994196	0.994196	0x00FE83A
5267	5.144392	0.994202	0.994202	0x00FE840
5268	5.145369	0.994207	0.994207	0x00FE846
5269	5.146345	0.994213	0.994213	0x00FE84C
5270	5.147322	0.994219	0.994219	0x00FE852
5271	5.148299	0.994224	0.994225	0x00FE858
5272	5.149276	0.994230	0.994230	0x00FE85E
5273	5.150252	0.994235	0.994235	0x00FE863
5274	5.151229	0.994241	0.994241	0x00FE869
5275	5.152206	0.994247	0.994246	0x00FE86F
5276	5.153182	0.994252	0.994252	0x00FE875
5277	5.154159	0.994258	0.994258	0x00FE87B
5278	5.155136	0.994263	0.994264	0x00FE881
5279	5.156113	0.994269	0.994269	0x00FE887
5280	5.157089	0.994275	0.994274	0x00FE88C
5281	5.158066	0.994280	0.994280	0x00FE892
5282	5.159043	0.994286	0.994286	0x00FE898
5283	5.160020	0.994291	0.994291	0x00FE89E
5284	5.160996	0.994297	0.994297	0x00FE8A4
5285	5.161973	0.994302	0.994302	0x00FE8A9
5286	5.162950	0.994308	0.994308	0x00FE8AF
5287	5.163926	0.994313	0.994313	0x00FE8B5
5288	5.164903	0.994319	0.994319	0x00FE8BB
5289	5.165880	0.994324	0.994325	0x00FE8C1
5290	5.166857	0.994330	0.994329	0x00FE8C6
5291	5.167833	0.994335	0.994335	0x00FE8CC
5292	5.168810	0.994341	0.994341	0x00FE8D2
5293	5.169787	0.994346	0.994347	0x00FE8D8
5294	5.170763	0.994352	0.994351	0x00FE8DD
5295	5.171740	0.994357	0.994357	0x00FE8E3
5296	5.172717	0.994363	0.994363	0x00FE8E9
5297	5.173694	0.994368	0.994369	0x00FE8EF
5298	5.174670	0.994374	0.994373	0x00FE8F4
5299	5.175647	0.994379	0.994379	0x00FE8FA
5300	5.176624	0.994385	0.994385	0x00FE900
5301	5.177601	0.994390	0.994390	0x00FE906
5302	5.178577	0.994396	0.994395	0x00FE90B
5303	5.179554	0.994401	0.994401	0x00FE911
5304	5.180531	0.994406	0.994407	0x00FE917
5305	5.181507	0.994412	0.994411	0x00FE91C
5306	5.182484	0.994417	0.994417	0x00FE922
5307	5.183461	0.994423	0.994423	0x00FE928
5308	5.184438	0.994428	0.994428	0x00FE92D
5309	5.185414	0.994434	0.994433	0x00FE933
5310	5.186391	0.994439	0.994439	0x00FE939
5311	5.187368	0.994444	0.994444	0x00FE93E
5312	5.188344	0.994450	0.994450	0x00FE944
5313	5.189321	0.994455	0.994455	0x00FE94A
5314	5.190298	0.994461	0.994460	0x00FE94F
5315	5.191275	0.994466	0.994466	0x00FE955
5316	5.192251	0.994471	0.994472	0x00FE95B
5317	5.193228	0.994477	0.994476	0x00FE960
5318	5.194205	0.994482	0.994482	0x00FE966
5319	5.195182	0.994487	0.994488	0x00FE96C
5320	5.196158	0.994493	0.994493	0x00FE971
5321	5.197135	0.994498	0.994498	0x00FE977
5322	5.198112	0.994503	0.994503	0x00FE97C
5323	5.199088	0.994509	0.994509	0x00FE982
5324	5.200065	0.994514	0.994514	0x00FE988
5325	5.201042	0.994519	0.994519	0x00FE98D
5326	5.202019	0.994525	0.994525	0x00FE993
5327	5.202995	0.994530	0.994530	0x00FE998
5328	5.203972	0.994535	0.994535	0x00FE99E
5329	5.204949	0.994541	0.994540	0x00FE9A3
5330	5.205925	0.994546	0.994546	0x00FE9A9
5331	5.206902	0.994551	0.994552	0x00FE9AF
5332	5.207879	0.994557	0.994556	0x00FE9B4
5333	5.208856	0.994562	0.994562	0x00FE9BA
5334	5.209832	0.994567	0.994567	0x00FE9BF
5335	5.210809	0.994572	0.994573	0x00FE9C5
5336	5.211786	0.994578	0.994577	0x00FE9CA
5337	5.212762	0.994583	0.994583	0x00FE9D0
5338	5.213739	0.994588	0.994588	0x00FE9D5
5339	5.214716	0.994593	0.994594	0x00FE9DB
5340	5.215693	0.994599	0.994598	0x00FE9E0
5341	5.216669	0.994604	0.994604	0x00FE9E6
5342	5.217646	0.994609	0.994609	0x00FE9EB
5343	5.218623	0.994614	0.994615	0x00FE9F1
5344	5.219600	0.994620	0.994619	0x00FE9F6
5345	5.220576	0.994625	0.994625	0x00FE9FC
5346	5.221553	0.994630	0.994630	0x00FEA01
5347	5.222530	0.994635	0.994636	0x00FEA07
5348	5.223506	0.994640	0.994640	0x00FEA0C
5349	5.224483	0.994646	0.994646	0x00FEA12
5350	5.225460	0.994651	0.994651	0x00FEA17
5351	5.226437	0.994656	0.994656	0x00FEA1C
5352	5.227413	0.994661	0.994661	0x00FEA22
5353	5.228390	0.994666	0.994666	0x00FEA27
5354	5.229367	0.994672	0.994672	0x00FEA2D
5355	5.230343	0.994677	0.994677	0x00FEA32
5356	5.231320	0.994682	0.994682	0x00FEA38
5357	5.232297	0.994687	0.994687	0x00FEA3D
5358	5.233274	0.994692	0.994692	0x00FEA42
5359	5.234250	0.994697	0.994698	0x00FEA48
5360	5.235227	0.994703	0.994702	0x00FEA4D
5361	5.236204	0.994708	0.994708	0x00FEA53
5362	5.237181	0.994713	0.994713	0x00FEA58
5363	5.238157	0.994718	0.994718	0x00FEA5D
5364	5.239134	0.994723	0.994723	0x00FEA63
5365	5.240111	0.994728	0.994728	0x00FEA68
5366	5.241087	0.994733	0.994734	0x00FEA6E
5367	5.242064	0.994739	0.994739	0x00FEA73
5368	5.243041	0.994744	0.994743	0x00FEA78
5369	5.244018	0.994749	0.994749	0x00FEA7E
5370	5.244994	0.994754	0.994754	0x00FEA83
5371	5.245971	0.994759	0.994759	0x00FEA88
5372	5.246948	0.994764	0.994764	0x00FEA8E
5373	5.247924	0.994769	0.994769	0x00FEA93
5374	5.248901	0.994774	0.994774	0x00FEA98
5375	5.249878	0.994779	0.994780	0x00FEA9E
5376	5.250855	0.994784	0.994784	0x00FEAA3
5377	5.251831	0.994789	0.994789	0x00FEAA8
5378	5.252808	0.994794	0.994795	0x00FEAAE
5379	5.253785	0.994799	0.994800	0x00FEAB3
5380	5.254762	0.994805	0.994804	0x00FEAB8
5381	5.255738	0.994810	0.994809	0x00FEABD
5382	5.256715	0.994815	0.994815	0x00FEAC3
5383	5.257692	0.994820	0.994820	0x00FEAC8
5384	5.258668	0.994825	0.994824	0x00FEACD
5385	5.259645	0.994830	0.994830	0x00FEAD3
5386	5.260622	0.994835	0.994835	0x00FEAD8
5387	5.261599	0.994840	0.994840	0x00FEADD
5388	5.262575	0.994845	0.994844	0x00FEAE2
5389	5.263552	0.994850	0.994850	0x00FEAE8
5390	5.264529	0.994855	0.994855	0x00FEAED
5391	5.265505	0.994860	0.994860	0x00FEAF2
5392	5.266482	0.994865	0.994864	0x00FEAF7
5393	5.267459	0.994870	0.994870	0x00FEAFD
5394	5.268436	0.994875	0.994875	0x00FEB02
5395	5.269412	0.994880	0.994880	0x00FEB07
5396	5.270389	0.994885	0.994884	0x00FEB0C
5397	5.271366	0.994890	0.994889	0x00FEB11
5398	5.272343	0.994895	0.994895	0x00FEB17
5399	5.273319	0.994900	0.994900	0x00FEB1C
5400	5.274296	0.994905	0.994905	0x00FEB21
5401	5.275273	0.994909	0.994909	0x00FEB26
5402	5.276249	0.994914	0.994914	0x00FEB2B
5403	5.277226	0.994919	0.994920	0x00FEB31
5404	5.278203	0.994924	0.994925	0x00FEB36
5405	5.279180	0.994929	0.994929	0x00FEB3B
5406	5.280156	0.994934	0.994934	0x00FEB40
5407	5.281133	0.994939	0.994939	0x00FEB45
5408	5.282110	0.994944	0.994944	0x00FEB4A
5409	5.283086	0.994949	0.994949	0x00FEB50
5410	5.284063	0.994954	0.994954	0x00FEB55
5411	5.285040	0.994959	0.994959	0x00FEB5A
5412	5.286017	0.994964	0.994964	0x00FEB5F
5413	5.286993	0.994969	0.994968	0x00FEB64
5414	5.287970	0.994973	0.994973	0x00FEB69
5415	5.288947	0.994978	0.994978	0x00FEB6E
5416	5.289923	0.994983	0.994983	0x00FEB73
5417	5.290900	0.994988	0.994988	0x00FEB79
5418	5.291877	0.994993	0.994993	0x00FEB7E
5419	5.292854	0.994998	0.994998	0x00FEB83
5420	5.293830	0.995003	0.995003	0x00FEB88
5421	5.294807	0.995007	0.995008	0x00FEB8D
5422	5.295784	0.995012	0.995012	0x00FEB92
5423	5.296761	0.995017	0.995017	0x00FEB97
5424	5.297737	0.995022	0.995022	0x00FEB9C
5425	5.298714	0.995027	0.995027	0x00FEBA1
5426	5.299691	0.995032	0.995031	0x00FEBA6
5427	5.300667	0.995036	0.995036	0x00FEBAB
5428	5.301644	0.995041	0.995041	0x00FEBB0
5429	5.302621	0.995046	0.995046	0x00FEBB5
5430	5.303598	0.995051	0.995051	0x00FEBBB
5431	5.304574	0.995056	0.995056	0x00FEBC0
5432	5.305551	0.995061	0.995061	0x00FEBC5
5433	5.306528	0.995065	0.995066	0x00FEBCA
5434	5.307504	0.995070	0.995070	0x00FEBCF
5435	5.308481	0.995075	0.995075	0x00FEBD4
5436	5.309458	0.995080	0.995080	0x00FEBD9
5437	5.310435	0.995085	0.995085	0x00FEBDE
5438	5.311411	0.995089	0.995090	0x00FEBE3
5439	5.312388	0.995094	0.995094	0x00FEBE8
5440	5.313365	0.995099	0.995099	0x00FEBED
5441	5.314342	0.995104	0.995104	0x00FEBF2
5442	5.315318	0.995108	0.995109	0x00FEBF7
5443	5.316295	0.995113	0.995113	0x00FEBFC
5444	5.317272	0.995118	0.995118	0x00FEC01
5445	5.318248	0.995123	0.995123	0x00FEC06
5446	5.319225	0.995127	0.995128	0x00FEC0B
5447	5.320202	0.995132	0.995132	0x00FEC10
5448	5.321179	0.995137	0.995137	0x00FEC15
5449	5.322155	0.995142	0.995141	0x00FEC19
5450	5.323132	0.995146	0.995146	0x00FEC1E
5451	5.324109	0.995151	0.995151	0x00FEC23
5452	5.325085	0.995156	0.995155	0x00FEC28
5453	5.326062	0.995160	0.995160	0x00FEC2D
5454	5.327039	0.995165	0.995165	0x00FEC32
5455	5.328016	0.995170	0.995170	0x00FEC37
5456	5.328992	0.995174	0.995174	0x00FEC3C
5457	5.329969	0.995179	0.995179	0x00FEC41
5458	5.330946	0.995184	0.995184	0x00FEC46
5459	5.331923	0.995188	0.995189	0x00FEC4B
5460	5.332899	0.995193	0.995193	0x00FEC50
5461	5.333876	0.995198	0.995198	0x00FEC55
5462	5.334853	0.995203	0.995202	0x00FEC59
5463	5.335829	0.995207	0.995207	0x00FEC5E
5464	5.336806	0.995212	0.995212	0x00FEC63
5465	5.337783	0.995216	0.995216	0x00FEC68
5466	5.338760	0.995221	0.995221	0x00FEC6D
5467	5.339736	0.995226	0.995226	0x00FEC72
5468	5.340713	0.995230	0.995231	0x00FEC77
5469	5.341690	0.995235	0.995235	0x00FEC7C
5470	5.342666	0.995240	0.995239	0x00FEC80
5471	5.343643	0.995244	0.995244	0x00FEC85
5472	5.344620	0.995249	0.995249	0x00FEC8A
5473	5.345597	0.995254	0.995254	0x00FEC8F
5474	5.346573	0.995258	0.995258	0x00FEC94
5475	5.347550	0.995263	0.995263	0x00FEC99
5476	5.348527	0.995267	0.995267	0x00FEC9D
5477	5.349503	0.995272	0.995272	0x00FECA2
5478	5.350480	0.995277	0.995276	0x00FECA7
5479	5.351457	0.995281	0.995281	0x00FECAC
5480	5.352434	0.995286	0.995286	0x00FECB1
5481	5.353410	0.995290	0.995291	0x00FECB6
5482	5.354387	0.995295	0.995295	0x00FECBA
5483	5.355364	0.995299	0.995299	0x00FECBF
5484	5.356341	0.995304	0.995304	0x00FECC4
5485	5.357317	0.995309	0.995309	0x00FECC9
5486	5.358294	0.995313	0.995313	0x00FECCD
5487	5.359271	0.995318	0.995317	0x00FECD2
5488	5.360247	0.995322	0.995322	0x00FECD7
5489	5.361224	0.995327	0.995327	0x00FECDC
5490	5.362201	0.995331	0.995332	0x00FECE1
5491	5.363178	0.995336	0.995336	0x00FECE5
5492	5.364154	0.995340	0.995340	0x00FECEA
5493	5.365131	0.995345	0.995345	0x00FECEF
5494	5.366108	0.995349	0.995350	0x00FECF4
5495	5.367084	0.995354	0.995354	0x00FECF8
5496	5.368061	0.995358	0.995358	0x00FECFD
5497	5.369038	0.995363	0.995363	0x00FED02
5498	5.370015	0.995367	0.995367	0x00FED06
5499	5.370991	0.995372	0.995372	0x00FED0B
5500	5.371968	0.995376	0.995377	0x00FED10
5501	5.372945	0.995381	0.995381	0x00FED15
5502	5.373922	0.995385	0.995385	0x00FED19
5503	5.374898	0.995390	0.995390	0x00FED1E
5504	5.375875	0.995394	0.995395	0x00FED23
5505	5.376852	0.995399	0.995399	0x00FED27
5506	5.377828	0.995403	0.995403	0x00FED2C
5507	5.378805	0.995408	0.995408	0x00FED31
5508	5.379782	0.995412	0.995412	0x00FED35
5509	5.380759	0.995417	0.995417	0x00FED3A
5510	5.381735	0.995421	0.995421	0x00FED3F
5511	5.382712	0.995426	0.995425	0x00FED43
5512	5.383689	0.995430	0.995430	0x00FED48
5513	5.384665	0.995435	0.995435	0x00FED4D
5514	5.385642	0.995439	0.995439	0x00FED51
5515	5.386619	0.995443	0.995443	0x00FED56
5516	5.387596	0.995448	0.995448	0x00FED5B
5517	5.388572	0.995452	0.995452	0x00FED5F
5518	5.389549	0.995457	0.995457	0x00FED64
5519	5.390526	0.995461	0.995461	0x00FED69
5520	5.391503	0.995466	0.995465	0x00FED6D
5521	5.392479	0.995470	0.995470	0x00FED72
5522	5.393456	0.995474	0.995475	0x00FED77
5523	5.394433	0.995479	0.995479	0x00FED7B
5524	5.395409	0.995483	0.995483	0x00FED80
5525	5.396386	0.995488	0.995487	0x00FED84
5526	5.397363	0.995492	0.995492	0x00FED89
5527	5.398340	0.995496	0.995497	0x00FED8E
5528	5.399316	0.995501	0.995501	0x00FED92
5529	5.400293	0.995505	0.995505	0x00FED97
5530	5.401270	0.995509	0.995509	0x00FED9B
5531	5.402246	0.995514	0.995514	0x00FEDA0
5532	5.403223	0.995518	0.995518	0x00FEDA4
5533	5.404200	0.995522	0.995522	0x00FEDA9
5534	5.405177	0.995527	0.995527	0x00FEDAE
5535	5.406153	0.995531	0.995531	0x00FEDB2
5536	5.407130	0.995536	0.995536	0x00FEDB7
5537	5.408107	0.995540	0.995540	0x00FEDBB
5538	5.409084	0.995544	0.995544	0x00FEDC0
5539	5.410060	0.995549	0.995548	0x00FEDC4
5540	5.411037	0.995553	0.995553	0x00FEDC9
5541	5.412014	0.995557	0.995557	0x00FEDCD
5542	5.412990	0.995561	0.995562	0x00FEDD2
5543	5.413967	0.995566	0.995565	0x00FEDD6
5544	5.414944	0.995570	0.995570	0x00FEDDB
5545	5.415921	0.995574	0.995574	0x00FEDDF
5546	5.416897	0.995579	0.995579	0x00FEDE4
5547	5.417874	0.995583	0.995583	0x00FEDE8
5548	5.418851	0.995587	0.995587	0x00FEDED
5549	5.419827	0.995592	0.995591	0x00FEDF1
5550	5.420804	0.995596	0.995596	0x00FEDF6
5551	5.421781	0.995600	0.995600	0x00FEDFA
5552	5.422758	0.995604	0.995605	0x00FEDFF
5553	5.423734	0.995609	0.995608	0x00FEE03
5554	5.424711	0.995613	0.995613	0x00FEE08
5555	5.425688	0.995617	0.995617	0x00FEE0C
5556	5.426664	0.995622	0.995622	0x00FEE11
5557	5.427641	0.995626	0.995625	0x00FEE15
5558	5.428618	0.995630	0.995630	0x00FEE1A
5559	5.429595	0.995634	0.995634	0x00FEE1E
5560	5.430571	0.995639	0.995639	0x00FEE23
5561	5.431548	0.995643	0.995643	0x00FEE27
5562	5.432525	0.995647	0.995647	0x00FEE2C
5563	5.433502	0.995651	0.995651	0x00FEE30
5564	5.434478	0.995655	0.995655	0x00FEE34
5565	5.435455	0.995660	0.995660	0x00FEE39
5566	5.436432	0.995664	0.995664	0x00FEE3D
5567	5.437408	0.995668	0.995668	0x00FEE42
5568	5.438385	0.995672	0.995672	0x00FEE46
5569	5.439362	0.995677	0.995677	0x00FEE4B
5570	5.440339	0.995681	0.995681	0x00FEE4F
5571	5.441315	0.995685	0.995685	0x00FEE53
5572	5.442292	0.995689	0.995689	0x00FEE58
5573	5.443269	0.995693	0.995693	0x00FEE5C
5574	5.444245	0.995697	0.995697	0x00FEE60
5575	5.445222	0.995702	0.995702	0x00FEE65
5576	5.446199	0.995706	0.995706	0x00FEE69
5577	5.447176	0.995710	0.995710	0x00FEE6E
5578	5.448152	0.995714	0.995714	0x00FEE72
5579	5.449129	0.995718	0.995718	0x00FEE76
5580	5.450106	0.995723	0.995723	0x00FEE7B
5581	5.451083	0.995727	0.995727	0x00FEE7F
5582	5.452059	0.995731	0.995730	0x00FEE83
5583	5.453036	0.995735	0.995735	0x00FEE88
5584	5.454013	0.995739	0.995739	0x00FEE8C
5585	5.454989	0.995743	0.995744	0x00FEE91
5586	5.455966	0.995747	0.995748	0x00FEE95
5587	5.456943	0.995752	0.995751	0x00FEE99
5588	5.457920	0.995756	0.995756	0x00FEE9E
5589	5.458896	0.995760	0.995760	0x00FEEA2
5590	5.459873	0.995764	0.995764	0x00FEEA6
5591	5.460850	0.995768	0.995768	0x00FEEAA
5592	5.461826	0.995772	0.995772	0x00FEEAF
5593	5.462803	0.995776	0.995776	0x00FEEB3
5594	5.463780	0.995780	0.995780	0x00FEEB7
5595	5.464757	0.995784	0.995785	0x00FEEBC
5596	5.465733	0.995789	0.995789	0x00FEEC0
5597	5.466710	0.995793	0.995792	0x00FEEC4
5598	5.467687	0.995797	0.995797	0x00FEEC9
5599	5.468664	0.995801	0.995801	0x00FEECD
5600	5.469640	0.995805	0.995805	0x00FEED1
5601	5.470617	0.995809	0.995809	0x00FEED5
5602	5.471594	0.995813	0.995813	0x00FEEDA
5603	5.472570	0.995817	0.995817	0x00FEEDE
5604	5.473547	0.995821	0.995821	0x00FEEE2
5605	5.474524	0.995825	0.995825	0x00FEEE6
5606	5.475501	0.995829	0.995830	0x00FEEEB
5607	5.476477	0.995833	0.995833	0x00FEEEF
5608	5.477454	0.995837	0.995837	0x00FEEF3
5609	5.478431	0.995841	0.995841	0x00FEEF7
5610	5.479407	0.995846	0.995846	0x00FEEFC
5611	5.480384	0.995850	0.995850	0x00FEF00
5612	5.481361	0.995854	0.995853	0x00FEF04
5613	5.482338	0.995858	0.995857	0x00FEF08
5614	5.483314	0.995862	0.995862	0x00FEF0D
5615	5.484291	0.995866	0.995866	0x00FEF11
5616	5.485268	0.995870	0.995870	0x00FEF15
5617	5.486245	0.995874	0.995873	0x00FEF19
5618	5.487221	0.995878	0.995877	0x00FEF1D
5619	5.488198	0.995882	0.995882	0x00FEF22
5620	5.489175	0.995886	0.995886	0x00FEF26
5621	5.490151	0.995890	0.995890	0x00FEF2A
5622	5.491128	0.995894	0.995893	0x00FEF2E
5623	5.492105	0.995898	0.995897	0x00FEF32
5624	5.493082	0.995902	0.995902	0x00FEF37
5625	5.494058	0.995906	0.995906	0x00FEF3B
5626	5.495035	0.995910	0.995910	0x00FEF3F
5627	5.496012	0.995914	0.995914	0x00FEF43
5628	5.496988	0.995918	0.995917	0x00FEF47
5629	5.497965	0.995922	0.995921	0x00FEF4B
5630	5.498942	0.995926	0.995926	0x00FEF50
5631	5.499919	0.995930	0.995930	0x00FEF54
5632	5.500895	0.995933	0.995934	0x00FEF58
5633	5.501872	0.995937	0.995937	0x00FEF5C
5634	5.502849	0.995941	0.995941	0x00FEF60
5635	5.503825	0.995945	0.995945	0x00FEF64
5636	5.504802	0.995949	0.995950	0x00FEF69
5637	5.505779	0.995953	0.995954	0x00FEF6D
5638	5.506756	0.995957	0.995957	0x00FEF71
5639	5.507732	0.995961	0.995961	0x00FEF75
5640	5.508709	0.995965	0.995965	0x00FEF79
5641	5.509686	0.995969	0.995969	0x00FEF7D
5642	5.510663	0.995973	0.995973	0x00FEF81
5643	5.511639	0.995977	0.995976	0x00FEF85
5644	5.512616	0.995981	0.995980	0x00FEF89
5645	5.513593	0.995985	0.995985	0x00FEF8E
5646	5.514569	0.995988	0.995989	0x00FEF92
5647	5.515546	0.995992	0.995993	0x00FEF96
5648	5.516523	0.995996	0.995996	0x00FEF9A
5649	5.517500	0.996000	0.996000	0x00FEF9E
5650	5.518476	0.996004	0.996004	0x00FEFA2
5651	5.519453	0.996008	0.996008	0x00FEFA6
5652	5.520430	0.996012	0.996012	0x00FEFAA
5653	5.521406	0.996016	0.996016	0x00FEFAE
5654	5.522383	0.996020	0.996019	0x00FEFB2
5655	5.523360	0.996023	0.996023	0x00FEFB6
5656	5.524337	0.996027	0.996027	0x00FEFBA
5657	5.525313	0.996031	0.996031	0x00FEFBE
5658	5.526290	0.996035	0.996035	0x00FEFC2
5659	5.527267	0.996039	0.996038	0x00FEFC6
5660	5.528244	0.996043	0.996043	0x00FEFCB
5661	5.529220	0.996047	0.996047	0x00FEFCF
5662	5.530197	0.996050	0.996051	0x00FEFD3
5663	5.531174	0.996054	0.996055	0x00FEFD7
5664	5.532150	0.996058	0.996058	0x00FEFDB
5665	5.533127	0.996062	0.996062	0x00FEFDF
5666	5.534104	0.996066	0.996066	0x00FEFE3
5667	5.535081	0.996070	0.996070	0x00FEFE7
5668	5.536057	0.996073	0.996074	0x00FEFEB
5669	5.537034	0.996077	0.996078	0x00FEFEF
5670	5.538011	0.996081	0.996081	0x00FEFF3
5671	5.538987	0.996085	0.996085	0x00FEFF7
5672	5.539964	0.996089	0.996089	0x00FEFFB
5673	5.540941	0.996092	0.996093	0x00FEFFF
5674	5.541918	0.996096	0.996097	0x00FF003
5675	5.542894	0.996100	0.996100	0x00FF007
5676	5.543871	0.996104	0.996104	0x00FF00B
5677	5.544848	0.996108	0.996108	0x00FF00F
5678	5.545825	0.996111	0.996112	0x00FF013
5679	5.546801	0.996115	0.996116	0x00FF017
5680	5.547778	0.996119	0.996119	0x00FF01A
5681	5.548755	0.996123	0.996122	0x00FF01E
5682	5.549731	0.996127	0.996126	0x00FF022
5683	5.550708	0.996130	0.996130	0x00FF026
5684	5.551685	0.996134	0.996134	0x00FF02A
5685	5.552662	0.996138	0.996138	0x00FF02E
5686	5.553638	0.996142	0.996141	0x00FF032
5687	5.554615	0.996145	0.996145	0x00FF036
5688	5.555592	0.996149	0.996149	0x00FF03A
5689	5.556568	0.996153	0.996153	0x00FF03E
5690	5.557545	0.996157	0.996157	0x00FF042
5691	5.558522	0.996160	0.996161	0x00FF046
5692	5.559499	0.996164	0.996164	0x00FF04A
5693	5.560475	0.996168	0.996168	0x00FF04E
5694	5.561452	0.996172	0.996172	0x00FF052
5695	5.562429	0.996175	0.996175	0x00FF055
5696	5.563406	0.996179	0.996179	0x00FF059
5697	5.564382	0.996183	0.996182	0x00FF05D
5698	5.565359	0.996186	0.996186	0x00FF061
5699	5.566336	0.996190	0.996190	0x00FF065
5700	5.567312	0.996194	0.996194	0x00FF069
5701	5.568289	0.996198	0.996198	0x00FF06D
5702	5.569266	0.996201	0.996202	0x00FF071
5703	5.570243	0.996205	0.996205	0x00FF075
5704	5.571219	0.996209	0.996208	0x00FF078
5705	5.572196	0.996212	0.996212	0x00FF07C
5706	5.573173	0.996216	0.996216	0x00FF080
5707	5.574149	0.996220	0.996220	0x00FF084
5708	5.575126	0.996223	0.996223	0x00FF088
5709	5.576103	0.996227	0.996227	0x00FF08C
5710	5.577080	0.996231	0.996231	0x00FF090
5711	5.578056	0.996234	0.996234	0x00FF093
5712	5.579033	0.996238	0.996238	0x00FF097
5713	5.580010	0.996242	0.996242	0x00FF09B
5714	5.580986	0.996245	0.996245	0x00FF09F
5715	5.581963	0.996249	0.996249	0x00FF0A3
5716	5.582940	0.996253	0.996253	0x00FF0A7
5717	5.583917	0.996256	0.996256	0x00FF0AA
5718	5.584893	0.996260	0.996260	0x00FF0AE
5719	5.585870	0.996264	0.996264	0x00FF0B2
5720	5.586847	0.996267	0.996267	0x00FF0B6
5721	5.587824	0.996271	0.996271	0x00FF0BA
5722	5.588800	0.996274	0.996274	0x00FF0BD
5723	5.589777	0.996278	0.996278	0x00FF0C1
5724	5.590754	0.996282	0.996282	0x00FF0C5
5725	5.591730	0.996285	0.996285	0x00FF0C9
5726	5.592707	0.996289	0.996289	0x00FF0CD
5727	5.593684	0.996293	0.996292	0x00FF0D0
5728	5.594661	0.996296	0.996296	0x00FF0D4
5729	5.595637	0.996300	0.996300	0x00FF0D8
5730	5.596614	0.996303	0.996304	0x00FF0DC
5731	5.597591	0.996307	0.996307	0x00FF0E0
5732	5.598567	0.996310	0.996310	0x00FF0E3
5733	5.599544	0.996314	0.996314	0x00FF0E7
5734	5.600521	0.996318	0.996318	0x00FF0EB
5735	5.601498	0.996321	0.996322	0x00FF0EF
5736	5.602474	0.996325	0.996325	0x00FF0F2
5737	5.603451	0.996328	0.996328	0x00FF0F6
5738	5.604428	0.996332	0.996332	0x00FF0FA
5739	5.605405	0.996336	0.996336	0x00FF0FE
5740	5.606381	0.996339	0.996339	0x00FF101
5741	5.607358	0.996343	0.996343	0x00FF105
5742	5.608335	0.996346	0.996346	0x00FF109
5743	5.609311	0.996350	0.996349	0x00FF10C
5744	5.610288	0.996353	0.996353	0x00FF110
5745	5.611265	0.996357	0.996357	0x00FF114
5746	5.612242	0.996360	0.996361	0x00FF118
5747	5.613218	0.996364	0.996364	0x00FF11B
5748	5.614195	0.996367	0.996367	0x00FF11F
5749	5.615172	0.996371	0.996371	0x00FF123
5750	5.616148	0.996375	0.996374	0x00FF126
5751	5.617125	0.996378	0.996378	0x00FF12A
5752	5.618102	0.996382	0.996382	0x00FF12E
5753	5.619079	0.996385	0.996386	0x00FF132
5754	5.620055	0.996389	0.996388	0x00FF135
5755	5.621032	0.996392	0.996392	0x00FF139
5756	5.622009	0.996396	0.996396	0x00FF13D
5757	5.622986	0.996399	0.996399	0x00FF140
5758	5.623962	0.996403	0.996403	0x00FF144
5759	5.624939	0.996406	0.996407	0x00FF148
5760	5.625916	0.996410	0.996409	0x00FF14B
5761	5.626892	0.996413	0.996413	0x00FF14F
5762	5.627869	0.996417	0.996417	0x00FF153
5763	5.628846	0.996420	0.996420	0x00FF156
5764	5.629823	0.996424	0.996424	0x00FF15A
5765	5.630799	0.996427	0.996428	0x00FF15E
5766	5.631776	0.996431	0.996430	0x00FF161
5767	5.632753	0.996434	0.996434	0x00FF165
5768	5.633729	0.996438	0.996437	0x00FF168
5769	5.634706	0.996441	0.996441	0x00FF16C
5770	5.635683	0.996444	0.996445	0x00FF170
5771	5.636660	0.996448	0.996448	0x00FF173
5772	5.637636	0.996451	0.996451	0x00FF177
5773	5.638613	0.996455	0.996455	0x00FF17B
5774	5.639590	0.996458	0.996458	0x00FF17E
5775	5.640566	0.996462	0.996462	0x00FF182
5776	5.641543	0.996465	0.996465	0x00FF185
5777	5.642520	0.996469	0.996469	0x00FF189
5778	5.643497	0.996472	0.996472	0x00FF18D
5779	5.644473	0.996475	0.996475	0x00FF190
5780	5.645450	0.996479	0.996479	0x00FF194
5781	5.646427	0.996482	0.996482	0x00FF197
5782	5.647404	0.996486	0.996486	0x00FF19B
5783	5.648380	0.996489	0.996490	0x00FF19F
5784	5.649357	0.996493	0.996492	0x00FF1A2
5785	5.650334	0.996496	0.996496	0x00FF1A6
5786	5.651310	0.996499	0.996499	0x00FF1A9
5787	5.652287	0.996503	0.996503	0x00FF1AD
5788	5.653264	0.996506	0.996506	0x00FF1B0
5789	5.654241	0.996510	0.996510	0x00FF1B4
5790	5.655217	0.996513	0.996513	0x00FF1B8
5791	5.656194	0.996516	0.996516	0x00FF1BB
5792	5.657171	0.996520	0.996520	0x00FF1BF
5793	5.658147	0.996523	0.996523	0x00FF1C2
5794	5.659124	0.996527	0.996527	0x00FF1C6
5795	5.660101	0.996530	0.996530	0x00FF1C9
5796	5.661078	0.996533	0.996533	0x00FF1CD
5797	5.662054	0.996537	0.996536	0x00FF1D0
5798	5.663031	0.996540	0.996540	0x00FF1D4
5799	5.664008	0.996543	0.996543	0x00FF1D7
5800	5.664985	0.996547	0.996547	0x00FF1DB
5801	5.665961	0.996550	0.996551	0x00FF1DF
5802	5.666938	0.996553	0.996553	0x00FF1E2
5803	5.667915	0.996557	0.996557	0x00FF1E6
5804	5.668891	0.996560	0.996560	0x00FF1E9
5805	5.669868	0.996564	0.996564	0x00FF1ED
5806	5.670845	0.996567	0.996567	0x00FF1F0
5807	5.671822	0.996570	0.996571	0x00FF1F4
5808	5.672798	0.996574	0.996573	0x00FF1F7
5809	5.673775	0.996577	0.996577	0x00FF1FB
5810	5.674752	0.996580	0.996580	0x00FF1FE
5811	5.675728	0.996584	0.996584	0x00FF202
5812	5.676705	0.996587	0.996587	0x00FF205
5813	5.677682	0.996590	0.996591	0x00FF209
5814	5.678659	0.996594	0.996593	0x00FF20C
5815	5.679635	0.996597	0.996597	0x00FF210
5816	5.680612	0.996600	0.996600	0x00FF213
5817	5.681589	0.996603	0.996603	0x00FF216
5818	5.682566	0.996607	0.996607	0x00FF21A
5819	5.683542	0.996610	0.996610	0x00FF21D
5820	5.684519	0.996613	0.996614	0x00FF221
5821	5.685496	0.996617	0.996616	0x00FF224
5822	5.686472	0.996620	0.996620	0x00FF228
5823	5.687449	0.996623	0.996623	0x00FF22B
5824	5.688426	0.996627	0.996627	0x00FF22F
5825	5.689403	0.996630	0.996630	0x00FF232
5826	5.690379	0.996633	0.996634	0x00FF236
5827	5.691356	0.996636	0.996636	0x00FF239
5828	5.692333	0.996640	0.996639	0x00FF23C
5829	5.693309	0.996643	0.996643	0x00FF240
5830	5.694286	0.996646	0.996646	0x00FF243
5831	5.695263	0.996649	0.996650	0x00FF247
5832	5.696240	0.996653	0.996653	0x00FF24A
5833	5.697216	0.996656	0.996655	0x00FF24D
5834	5.698193	0.996659	0.996659	0x00FF251
5835	5.699170	0.996662	0.996662	0x00FF254
5836	5.700147	0.996666	0.996666	0x00FF258
5837	5.701123	0.996669	0.996669	0x00FF25B
5838	5.702100	0.996672	0.996673	0x00FF25F
5839	5.703077	0.996675	0.996675	0x00FF262
5840	5.704053	0.996679	0.996678	0x00FF265
5841	5.705030	0.996682	0.996682	0x00FF269
5842	5.706007	0.996685	0.996685	0x00FF26C
5843	5.706984	0.996688	0.996688	0x00FF26F
5844	5.707960	0.996692	0.996692	0x00FF273
5845	5.708937	0.996695	0.996695	0x00FF276
5846	5.709914	0.996698	0.996698	0x00FF27A
5847	5.710890	0.996701	0.996701	0x00FF27D
5848	5.711867	0.996704	0.996704	0x00FF280
5849	5.712844	0.996708	0.996708	0x00FF284
5850	5.713821	0.996711	0.996711	0x00FF287
5851	5.714797	0.996714	0.996714	0x00FF28A
5852	5.715774	0.996717	0.996717	0x00FF28E
5853	5.716751	0.996720	0.996720	0x00FF291
5854	5.717727	0.996724	0.996723	0x00FF294
5855	5.718704	0.996727	0.996727	0x00FF298
5856	5.719681	0.996730	0.996730	0x00FF29B
5857	5.720658	0.996733	0.996733	0x00FF29E
5858	5.721634	0.996736	0.996737	0x00FF2A2
5859	5.722611	0.996740	0.996739	0x00FF2A5
5860	5.723588	0.996743	0.996742	0x00FF2A8
5861	5.724565	0.996746	0.996746	0x00FF2AC
5862	5.725541	0.996749	0.996749	0x00FF2AF
5863	5.726518	0.996752	0.996752	0x00FF2B2
5864	5.727495	0.996755	0.996756	0x00FF2B6
5865	5.728471	0.996758	0.996758	0x00FF2B9
5866	5.729448	0.996762	0.996761	0x00FF2BC
5867	5.730425	0.996765	0.996765	0x00FF2C0
5868	5.731402	0.996768	0.996768	0x00FF2C3
5869	5.732378	0.996771	0.996771	0x00FF2C6
5870	5.733355	0.996774	0.996775	0x00FF2CA
5871	5.734332	0.996777	0.996778	0x00FF2CD
5872	5.735308	0.996781	0.996780	0x00FF2D0
5873	5.736285	0.996784	0.996783	0x00FF2D3
5874	5.737262	0.996787	0.996787	0x00FF2D7
5875	5.738239	0.996790	0.996790	0x00FF2DA
5876	5.739215	0.996793	0.996793	0x00FF2DD
5877	5.740192	0.996796	0.996797	0x00FF2E1
5878	5.741169	0.996799	0.996799	0x00FF2E4
5879	5.742146	0.996802	0.996802	0x00FF2E7
5880	5.743122	0.996805	0.996805	0x00FF2EA
5881	5.744099	0.996809	0.996809	0x00FF2EE
5882	5.745076	0.996812	0.996812	0x00FF2F1
5883	5.746052	0.996815	0.996815	0x00FF2F4
5884	5.747029	0.996818	0.996818	0x00FF2F7
5885	5.748006	0.996821	0.996821	0x00FF2FB
5886	5.748983	0.996824	0.996824	0x00FF2FE
5887	5.749959	0.996827	0.996827	0x00FF301
5888	5.750936	0.996830	0.996830	0x00FF304
5889	5.751913	0.996833	0.996834	0x00FF308
5890	5.752889	0.996836	0.996837	0x00FF30B
5891	5.753866	0.996840	0.996840	0x00FF30E
5892	5.754843	0.996843	0.996842	0x00FF311
5893	5.755820	0.996846	0.996845	0x00FF314
5894	5.756796	0.996849	0.996849	0x00FF318
5895	5.757773	0.996852	0.996852	0x00FF31B
5896	5.758750	0.996855	0.996855	0x00FF31E
5897	5.759727	0.996858	0.996858	0x00FF321
5898	5.760703	0.996861	0.996861	0x00FF325
5899	5.761680	0.996864	0.996864	0x00FF328
5900	5.762657	0.996867	0.996867	0x00FF32B
5901	5.763633	0.996870	0.996870	0x00FF32E
5902	5.764610	0.996873	0.996873	0x00FF331
5903	5.765587	0.996876	0.996876	0x00FF334
5904	5.766564	0.996879	0.996880	0x00FF338
5905	5.767540	0.996882	0.996882	0x00FF33B
5906	5.768517	0.996885	0.996885	0x00FF33E
5907	5.769494	0.996888	0.996888	0x00FF341
5908	5.770470	0.996891	0.996891	0x00FF344
5909	5.771447	0.996894	0.996895	0x00FF348
5910	5.772424	0.996897	0.996898	0x00FF34B
5911	5.773401	0.996900	0.996901	0x00FF34E
5912	5.774377	0.996903	0.996903	0x00FF351
5913	5.775354	0.996907	0.996906	0x00FF354
5914	5.776331	0.996910	0.996909	0x00FF357
5915	5.777308	0.996913	0.996913	0x00FF35B
5916	5.778284	0.996916	0.996916	0x00FF35E
5917	5.779261	0.996919	0.996919	0x00FF361
5918	5.780238	0.996922	0.996922	0x00FF364
5919	5.781214	0.996925	0.996924	0x00FF367
5920	5.782191	0.996928	0.996927	0x00FF36A
5921	5.783168	0.996931	0.996930	0x00FF36D
5922	5.784145	0.996933	0.996934	0x00FF371
5923	5.785121	0.996936	0.996937	0x00FF374
5924	5.786098	0.996939	0.996940	0x00FF377
5925	5.787075	0.996942	0.996943	0x00FF37A
5926	5.788051	0.996945	0.996945	0x00FF37D
5927	5.789028	0.996948	0.996948	0x00FF380
5928	5.790005	0.996951	0.996951	0x00FF383
5929	5.790982	0.996954	0.996954	0x00FF386
5930	5.791958	0.996957	0.996957	0x00FF389
5931	5.792935	0.996960	0.996961	0x00FF38D
5932	5.793912	0.996963	0.996964	0x00FF390
5933	5.794888	0.996966	0.996966	0x00FF393
5934	5.795865	0.996969	0.996969	0x00FF396
5935	5.796842	0.996972	0.996972	0x00FF399
5936	5.797819	0.996975	0.996975	0x00FF39C
5937	5.798795	0.996978	0.996978	0x00FF39F
5938	5.799772	0.996981	0.996981	0x00FF3A2
5939	5.800749	0.996984	0.996984	0x00FF3A5
5940	5.801726	0.996987	0.996986	0x00FF3A8
5941	5.802702	0.996990	0.996989	0x00FF3AB
5942	5.803679	0.996993	0.996993	0x00FF3AF
5943	5.804656	0.996996	0.996996	0x00FF3B2
5944	5.805632	0.996998	0.996999	0x00FF3B5
5945	5.806609	0.997001	0.997002	0x00FF3B8
5946	5.807586	0.997004	0.997005	0x00FF3BB
5947	5.808563	0.997007	0.997007	0x00FF3BE
5948	5.809539	0.997010	0.997010	0x00FF3C1
5949	5.810516	0.997013	0.997013	0x00FF3C4
5950	5.811493	0.997016	0.997016	0x00FF3C7
5951	5.812469	0.997019	0.997019	0x00FF3CA
5952	5.813446	0.997022	0.997022	0x00FF3CD
5953	5.814423	0.997025	0.997025	0x00FF3D0
5954	5.815400	0.997028	0.997027	0x00FF3D3
5955	5.816376	0.997030	0.997030	0x00FF3D6
5956	5.817353	0.997033	0.997033	0x00FF3D9
5957	5.818330	0.997036	0.997036	0x00FF3DC
5958	5.819307	0.997039	0.997039	0x00FF3DF
5959	5.820283	0.997042	0.997042	0x00FF3E2
5960	5.821260	0.997045	0.997045	0x00FF3E5
5961	5.822237	0.997048	0.997047	0x00FF3E8
5962	5.823213	0.997051	0.997050	0x00FF3EB
5963	5.824190	0.997054	0.997053	0x00FF3EE
5964	5.825167	0.997056	0.997056	0x00FF3F1
5965	5.826144	0.997059	0.997059	0x00FF3F4
5966	5.827120	0.997062	0.997062	0x00FF3F7
5967	5.828097	0.997065	0.997065	0x00FF3FA
5968	5.829074	0.997068	0.997067	0x00FF3FD
5969	5.830050	0.997071	0.997070	0x00FF400
5970	5.831027	0.997074	0.997073	0x00FF403
5971	5.832004	0.997076	0.997076	0x00FF406
5972	5.832981	0.997079	0.997079	0x00FF409
5973	5.833957	0.997082	0.997082	0x00FF40C
5974	5.834934	0.997085	0.997085	0x00FF40F
5975	5.835911	0.997088	0.997087	0x00FF412
5976	5.836888	0.997091	0.997090	0x00FF415
5977	5.837864	0.997093	0.997093	0x00FF418
5978	5.838841	0.997096	0.997096	0x00FF41B
5979	5.839818	0.997099	0.997099	0x00FF41E
5980	5.840794	0.997102	0.997102	0x00FF421
5981	5.841771	0.997105	0.997105	0x00FF424
5982	5.842748	0.997108	0.997108	0x00FF427
5983	5.843725	0.997110	0.997110	0x00FF42A
5984	5.844701	0.997113	0.997113	0x00FF42D
5985	5.845678	0.997116	0.997116	0x00FF430
5986	5.846655	0.997119	0.997119	0x00FF433
5987	5.847631	0.997122	0.997122	0x00FF436
5988	5.848608	0.997124	0.997125	0x00FF439
5989	5.849585	0.997127	0.997128	0x00FF43C
5990	5.850562	0.997130	0.997130	0x00FF43F
5991	5.851538	0.997133	0.997132	0x00FF441
5992	5.852515	0.997136	0.997135	0x00FF444
5993	5.853492	0.997138	0.997138	0x00FF447
5994	5.854469	0.997141	0.997141	0x00FF44A
5995	5.855445	0.997144	0.997144	0x00FF44D
5996	5.856422	0.997147	0.997147	0x00FF450
5997	5.857399	0.997149	0.997149	0x00FF453
5998	5.858375	0.997152	0.997152	0x00FF456
5999	5.859352	0.997155	0.997155	0x00FF459
6000	5.860329	0.997158	0.997158	0x00FF45C
6001	5.861306	0.997161	0.997161	0x00FF45F
6002	5.862282	0.997163	0.997164	0x00FF462
6003	5.863259	0.997166	0.997166	0x00FF464
6004	5.864236	0.997169	0.997169	0x00FF467
6005	5.865212	0.997172	0.997171	0x00FF46A
6006	5.866189	0.997174	0.997174	0x00FF46D
6007	5.867166	0.997177	0.997177	0x00FF470
6008	5.868143	0.997180	0.997180	0x00FF473
6009	5.869119	0.997183	0.997183	0x00FF476
6010	5.870096	0.997185	0.997186	0x00FF479
6011	5.871073	0.997188	0.997188	0x00FF47B
6012	5.872049	0.997191	0.997190	0x00FF47E
6013	5.873026	0.997194	0.997193	0x00FF481
6014	5.874003	0.997196	0.997196	0x00FF484
6015	5.874980	0.997199	0.997199	0x00FF487
6016	5.875956	0.997202	0.997202	0x00FF48A
6017	5.876933	0.997204	0.997205	0x00FF48D
6018	5.877910	0.997207	0.997208	0x00FF490
6019	5.878887	0.997210	0.997210	0x00FF492
6020	5.879863	0.997213	0.997212	0x00FF495
6021	5.880840	0.997215	0.997215	0x00FF498
6022	5.881817	0.997218	0.997218	0x00FF49B
6023	5.882793	0.997221	0.997221	0x00FF49E
6024	5.883770	0.997223	0.997224	0x00FF4A1
6025	5.884747	0.997226	0.997226	0x00FF4A3
6026	5.885724	0.997229	0.997229	0x00FF4A6
6027	5.886700	0.997232	0.997231	0x00FF4A9
6028	5.887677	0.997234	0.997234	0x00FF4AC
6029	5.888654	0.997237	0.997237	0x00FF4AF
6030	5.889630	0.997240	0.997240	0x00FF4B2
6031	5.890607	0.997242	0.997242	0x00FF4B4
6032	5.891584	0.997245	0.997245	0x00FF4B7
6033	5.892561	0.997248	0.997248	0x00FF4BA
6034	5.893537	0.997250	0.997251	0x00FF4BD
6035	5.894514	0.997253	0.997253	0x00FF4C0
6036	5.895491	0.997256	0.997255	0x00FF4C2
6037	5.896468	0.997258	0.997258	0x00FF4C5
6038	5.897444	0.997261	0.997261	0x00FF4C8
6039	5.898421	0.997264	0.997264	0x00FF4CB
6040	5.899398	0.997266	0.997267	0x00FF4CE
6041	5.900374	0.997269	0.997269	0x00FF4D0
6042	5.901351	0.997272	0.997272	0x00FF4D3
6043	5.902328	0.997274	0.997274	0x00FF4D6
6044	5.903305	0.997277	0.997277	0x00FF4D9
6045	5.904281	0.997280	0.997280	0x00FF4DC
6046	5.905258	0.997282	0.997282	0x00FF4DE
6047	5.906235	0.997285	0.997285	0x00FF4E1
6048	5.907211	0.997288	0.997288	0x00FF4E4
6049	5.908188	0.997290	0.997291	0x00FF4E7
6050	5.909165	0.997293	0.997293	0x00FF4E9
6051	5.910142	0.997296	0.997295	0x00FF4EC
6052	5.911118	0.997298	0.997298	0x00FF4EF
6053	5.912095	0.997301	0.997301	0x00FF4F2
6054	5.913072	0.997303	0.997303	0x00FF4F4
6055	5.914049	0.997306	0.997306	0x00FF4F7
6056	5.915025	0.997309	0.997309	0x00FF4FA
6057	5.916002	0.997311	0.997312	0x00FF4FD
6058	5.916979	0.997314	0.997313	0x00FF4FF
6059	5.917955	0.997317	0.997316	0x00FF502
6060	5.918932	0.997319	0.997319	0x00FF505
6061	5.919909	0.997322	0.997322	0x00FF508
6062	5.920886	0.997324	0.997324	0x00FF50A
6063	5.921862	0.997327	0.997327	0x00FF50D
6064	5.922839	0.997330	0.997330	0x00FF510
6065	5.923816	0.997332	0.997333	0x00FF513
6066	5.924792	0.997335	0.997334	0x00FF515
6067	5.925769	0.997337	0.997337	0x00FF518
6068	5.926746	0.997340	0.997340	0x00FF51B
6069	5.927723	0.997343	0.997342	0x00FF51D
6070	5.928699	0.997345	0.997345	0x00FF520
6071	5.929676	0.997348	0.997348	0x00FF523
6072	5.930653	0.997350	0.997351	0x00FF526
6073	5.931629	0.997353	0.997353	0x00FF528
6074	5.932606	0.997355	0.997355	0x00FF52B
6075	5.933583	0.997358	0.997358	0x00FF52E
6076	5.934560	0.997361	0.997360	0x00FF530
6077	5.935536	0.997363	0.997363	0x00FF533
6078	5.936513	0.997366	0.997366	0x00FF536
6079	5.937490	0.997368	0.997368	0x00FF538
6080	5.938467	0.997371	0.997371	0x00FF53B
6081	5.939443	0.997373	0.997374	0x00FF53E
6082	5.940420	0.997376	0.997376	0x00FF541
6083	5.941397	0.997379	0.997378	0x00FF543
6084	5.942373	0.997381	0.997381	0x00FF546
6085	5.943350	0.997384	0.997384	0x00FF549
6086	5.944327	0.997386	0.997386	0x00FF54B
6087	5.945304	0.997389	0.997389	0x00FF54E
6088	5.946280	0.997391	0.997392	0x00FF551
6089	5.947257	0.997394	0.997394	0x00FF553
6090	5.948234	0.997396	0.997396	0x00FF556
6091	5.949210	0.997399	0.997399	0x00FF559
6092	5.950187	0.997401	0.997401	0x00FF55B
6093	5.951164	0.997404	0.997404	0x00FF55E
6094	5.952141	0.997406	0.997406	0x00FF560
6095	5.953117	0.997409	0.997409	0x00FF563
6096	5.954094	0.997412	0.997412	0x00FF566
6097	5.955071	0.997414	0.997414	0x00FF568
6098	5.956048	0.997417	0.997416	0x00FF56B
6099	5.957024	0.997419	0.997419	0x00FF56E
6100	5.958001	0.997422	0.997421	0x00FF570
6101	5.958978	0.997424	0.997424	0x00FF573
6102	5.959954	0.997427	0.997427	0x00FF576
6103	5.960931	0.997429	0.997429	0x00FF578
6104	5.961908	0.997432	0.997432	0x00FF57B
6105	5.962885	0.997434	0.997434	0x00FF57D
6106	5.963861	0.997437	0.997437	0x00FF580
6107	5.964838	0.997439	0.997439	0x00FF583
6108	5.965815	0.997442	0.997441	0x00FF585
6109	5.966791	0.997444	0.997444	0x00FF588
6110	5.967768	0.997447	0.997447	0x00FF58B
6111	5.968745	0.997449	0.997449	0x00FF58D
6112	5.969722	0.997452	0.997452	0x00FF590
6113	5.970698	0.997454	0.997454	0x00FF592
6114	5.971675	0.997457	0.997457	0x00FF595
6115	5.972652	0.997459	0.997459	0x00FF598
6116	5.973629	0.997461	0.997461	0x00FF59A
6117	5.974605	0.997464	0.997464	0x00FF59D
6118	5.975582	0.997466	0.997466	0x00FF59F
6119	5.976559	0.997469	0.997469	0x00FF5A2
6120	5.977535	0.997471	0.997472	0x00FF5A5
6121	5.978512	0.997474	0.997474	0x00FF5A7
6122	5.979489	0.997476	0.997477	0x00FF5AA
6123	5.980466	0.997479	0.997478	0x00FF5AC
6124	5.981442	0.997481	0.997481	0x00FF5AF
6125	5.982419	0.997484	0.997483	0x00FF5B1
6126	5.983396	0.997486	0.997486	0x00FF5B4
6127	5.984372	0.997489	0.997489	0x00FF5B7
6128	5.985349	0.997491	0.997491	0x00FF5B9
6129	5.986326	0.997493	0.997494	0x00FF5BC
6130	5.987303	0.997496	0.997496	0x00FF5BE
6131	5.988279	0.997498	0.997499	0x00FF5C1
6132	5.989256	0.997501	0.997500	0x00FF5C3
6133	5.990233	0.997503	0.997503	0x00FF5C6
6134	5.991210	0.997506	0.997505	0x00FF5C8
6135	5.992186	0.997508	0.997508	0x00FF5CB
6136	5.993163	0.997510	0.997511	0x00FF5CE
6137	5.994140	0.997513	0.997513	0x00FF5D0
6138	5.995116	0.997515	0.997516	0x00FF5D3
6139	5.996093	0.997518	0.997518	0x00FF5D5
6140	5.997070	0.997520	0.997520	0x00FF5D8
6141	5.998047	0.997523	0.997522	0x00FF5DA
6142	5.999023	0.997525	0.997525	0x00FF5DD
6143	6.000000	1.000000	1.000000	0x0100000
